{
  "name": "Emotions & Expressions",
  "description": "情绪与表情词库 - 明确人物的情绪状态和面部表情，为角色注入生命",
  "category": "emotions_expressions",
  "total_entries": 1404,
  "entries": [
    {
      "weight": 0.97,
      "term": "happy"
    },
    {
      "weight": 0.94,
      "term": "(happy:1.1)"
    },
    {
      "weight": 0.96,
      "term": "with happy"
    },
    {
      "weight": 0.84,
      "term": "showing happy"
    },
    {
      "weight": 1.1,
      "term": "expressing happy"
    },
    {
      "weight": 1.17,
      "term": "displaying happy"
    },
    {
      "weight": 0.95,
      "term": "radiating happy"
    },
    {
      "weight": 1.19,
      "term": "exuding happy"
    },
    {
      "weight": 0.9,
      "term": "natural happy"
    },
    {
      "weight": 0.83,
      "term": "genuine happy"
    },
    {
      "weight": 1.2,
      "term": "beautiful happy"
    },
    {
      "weight": 0.97,
      "term": "captivating happy"
    },
    {
      "weight": 1.14,
      "term": "sad"
    },
    {
      "weight": 0.88,
      "term": "(sad:1.1)"
    },
    {
      "weight": 0.86,
      "term": "with sad"
    },
    {
      "weight": 1.16,
      "term": "showing sad"
    },
    {
      "weight": 1.06,
      "term": "expressing sad"
    },
    {
      "weight": 0.93,
      "term": "displaying sad"
    },
    {
      "weight": 1.03,
      "term": "radiating sad"
    },
    {
      "weight": 1.17,
      "term": "exuding sad"
    },
    {
      "weight": 1.06,
      "term": "natural sad"
    },
    {
      "weight": 0.91,
      "term": "genuine sad"
    },
    {
      "weight": 1.15,
      "term": "beautiful sad"
    },
    {
      "weight": 1.14,
      "term": "captivating sad"
    },
    {
      "weight": 0.96,
      "term": "angry"
    },
    {
      "weight": 1.12,
      "term": "(angry:1.1)"
    },
    {
      "weight": 1.14,
      "term": "with angry"
    },
    {
      "weight": 0.91,
      "term": "showing angry"
    },
    {
      "weight": 0.82,
      "term": "expressing angry"
    },
    {
      "weight": 1.03,
      "term": "displaying angry"
    },
    {
      "weight": 0.81,
      "term": "radiating angry"
    },
    {
      "weight": 1.04,
      "term": "exuding angry"
    },
    {
      "weight": 0.85,
      "term": "natural angry"
    },
    {
      "weight": 1.19,
      "term": "genuine angry"
    },
    {
      "weight": 1.08,
      "term": "beautiful angry"
    },
    {
      "weight": 0.92,
      "term": "captivating angry"
    },
    {
      "weight": 1.15,
      "term": "surprised"
    },
    {
      "weight": 1.14,
      "term": "(surprised:1.1)"
    },
    {
      "weight": 1.19,
      "term": "with surprised"
    },
    {
      "weight": 1.1,
      "term": "showing surprised"
    },
    {
      "weight": 0.83,
      "term": "expressing surprised"
    },
    {
      "weight": 0.9,
      "term": "displaying surprised"
    },
    {
      "weight": 1.16,
      "term": "radiating surprised"
    },
    {
      "weight": 0.9,
      "term": "exuding surprised"
    },
    {
      "weight": 1.19,
      "term": "natural surprised"
    },
    {
      "weight": 1.04,
      "term": "genuine surprised"
    },
    {
      "weight": 1.14,
      "term": "beautiful surprised"
    },
    {
      "weight": 1.03,
      "term": "captivating surprised"
    },
    {
      "weight": 1.1,
      "term": "afraid"
    },
    {
      "weight": 1.03,
      "term": "(afraid:1.1)"
    },
    {
      "weight": 0.87,
      "term": "with afraid"
    },
    {
      "weight": 0.93,
      "term": "showing afraid"
    },
    {
      "weight": 0.82,
      "term": "expressing afraid"
    },
    {
      "weight": 1.19,
      "term": "displaying afraid"
    },
    {
      "weight": 0.9,
      "term": "radiating afraid"
    },
    {
      "weight": 0.99,
      "term": "exuding afraid"
    },
    {
      "weight": 0.93,
      "term": "natural afraid"
    },
    {
      "weight": 0.93,
      "term": "genuine afraid"
    },
    {
      "weight": 0.97,
      "term": "beautiful afraid"
    },
    {
      "weight": 1.11,
      "term": "captivating afraid"
    },
    {
      "weight": 1.04,
      "term": "disgusted"
    },
    {
      "weight": 1.12,
      "term": "(disgusted:1.1)"
    },
    {
      "weight": 0.89,
      "term": "with disgusted"
    },
    {
      "weight": 0.83,
      "term": "showing disgusted"
    },
    {
      "weight": 1.2,
      "term": "expressing disgusted"
    },
    {
      "weight": 0.88,
      "term": "displaying disgusted"
    },
    {
      "weight": 1.15,
      "term": "radiating disgusted"
    },
    {
      "weight": 0.81,
      "term": "exuding disgusted"
    },
    {
      "weight": 0.8,
      "term": "natural disgusted"
    },
    {
      "weight": 0.84,
      "term": "genuine disgusted"
    },
    {
      "weight": 1.04,
      "term": "beautiful disgusted"
    },
    {
      "weight": 1.07,
      "term": "captivating disgusted"
    },
    {
      "weight": 1.01,
      "term": "contempt"
    },
    {
      "weight": 1.06,
      "term": "(contempt:1.1)"
    },
    {
      "weight": 1.13,
      "term": "with contempt"
    },
    {
      "weight": 0.83,
      "term": "showing contempt"
    },
    {
      "weight": 1.08,
      "term": "expressing contempt"
    },
    {
      "weight": 0.99,
      "term": "displaying contempt"
    },
    {
      "weight": 1.0,
      "term": "radiating contempt"
    },
    {
      "weight": 0.94,
      "term": "exuding contempt"
    },
    {
      "weight": 0.94,
      "term": "natural contempt"
    },
    {
      "weight": 0.97,
      "term": "genuine contempt"
    },
    {
      "weight": 0.95,
      "term": "beautiful contempt"
    },
    {
      "weight": 1.05,
      "term": "captivating contempt"
    },
    {
      "weight": 1.02,
      "term": "joy"
    },
    {
      "weight": 0.88,
      "term": "(joy:1.1)"
    },
    {
      "weight": 1.07,
      "term": "with joy"
    },
    {
      "weight": 1.08,
      "term": "showing joy"
    },
    {
      "weight": 0.86,
      "term": "expressing joy"
    },
    {
      "weight": 0.82,
      "term": "displaying joy"
    },
    {
      "weight": 0.87,
      "term": "radiating joy"
    },
    {
      "weight": 0.97,
      "term": "exuding joy"
    },
    {
      "weight": 0.8,
      "term": "natural joy"
    },
    {
      "weight": 1.11,
      "term": "genuine joy"
    },
    {
      "weight": 1.18,
      "term": "beautiful joy"
    },
    {
      "weight": 1.08,
      "term": "captivating joy"
    },
    {
      "weight": 1.14,
      "term": "sorrow"
    },
    {
      "weight": 1.19,
      "term": "(sorrow:1.1)"
    },
    {
      "weight": 0.81,
      "term": "with sorrow"
    },
    {
      "weight": 1.05,
      "term": "showing sorrow"
    },
    {
      "weight": 0.92,
      "term": "expressing sorrow"
    },
    {
      "weight": 1.19,
      "term": "displaying sorrow"
    },
    {
      "weight": 1.01,
      "term": "radiating sorrow"
    },
    {
      "weight": 0.89,
      "term": "exuding sorrow"
    },
    {
      "weight": 1.12,
      "term": "natural sorrow"
    },
    {
      "weight": 1.05,
      "term": "genuine sorrow"
    },
    {
      "weight": 1.07,
      "term": "beautiful sorrow"
    },
    {
      "weight": 0.98,
      "term": "captivating sorrow"
    },
    {
      "weight": 0.85,
      "term": "fear"
    },
    {
      "weight": 1.15,
      "term": "(fear:1.1)"
    },
    {
      "weight": 0.98,
      "term": "with fear"
    },
    {
      "weight": 0.99,
      "term": "showing fear"
    },
    {
      "weight": 0.93,
      "term": "expressing fear"
    },
    {
      "weight": 1.15,
      "term": "displaying fear"
    },
    {
      "weight": 0.97,
      "term": "radiating fear"
    },
    {
      "weight": 0.83,
      "term": "exuding fear"
    },
    {
      "weight": 1.18,
      "term": "natural fear"
    },
    {
      "weight": 1.07,
      "term": "genuine fear"
    },
    {
      "weight": 0.89,
      "term": "beautiful fear"
    },
    {
      "weight": 0.84,
      "term": "captivating fear"
    },
    {
      "weight": 1.09,
      "term": "love"
    },
    {
      "weight": 1.14,
      "term": "(love:1.1)"
    },
    {
      "weight": 1.11,
      "term": "with love"
    },
    {
      "weight": 0.87,
      "term": "showing love"
    },
    {
      "weight": 1.14,
      "term": "expressing love"
    },
    {
      "weight": 0.9,
      "term": "displaying love"
    },
    {
      "weight": 1.02,
      "term": "radiating love"
    },
    {
      "weight": 0.96,
      "term": "exuding love"
    },
    {
      "weight": 1.05,
      "term": "natural love"
    },
    {
      "weight": 1.11,
      "term": "genuine love"
    },
    {
      "weight": 0.96,
      "term": "beautiful love"
    },
    {
      "weight": 0.92,
      "term": "captivating love"
    },
    {
      "weight": 1.03,
      "term": "hate"
    },
    {
      "weight": 0.89,
      "term": "(hate:1.1)"
    },
    {
      "weight": 1.08,
      "term": "with hate"
    },
    {
      "weight": 1.01,
      "term": "showing hate"
    },
    {
      "weight": 1.14,
      "term": "expressing hate"
    },
    {
      "weight": 1.02,
      "term": "displaying hate"
    },
    {
      "weight": 0.93,
      "term": "radiating hate"
    },
    {
      "weight": 0.95,
      "term": "exuding hate"
    },
    {
      "weight": 1.2,
      "term": "natural hate"
    },
    {
      "weight": 1.16,
      "term": "genuine hate"
    },
    {
      "weight": 1.07,
      "term": "beautiful hate"
    },
    {
      "weight": 0.86,
      "term": "captivating hate"
    },
    {
      "weight": 0.99,
      "term": "excitement"
    },
    {
      "weight": 1.08,
      "term": "(excitement:1.1)"
    },
    {
      "weight": 0.87,
      "term": "with excitement"
    },
    {
      "weight": 1.0,
      "term": "showing excitement"
    },
    {
      "weight": 1.03,
      "term": "expressing excitement"
    },
    {
      "weight": 1.04,
      "term": "displaying excitement"
    },
    {
      "weight": 0.82,
      "term": "radiating excitement"
    },
    {
      "weight": 1.2,
      "term": "exuding excitement"
    },
    {
      "weight": 1.01,
      "term": "natural excitement"
    },
    {
      "weight": 0.87,
      "term": "genuine excitement"
    },
    {
      "weight": 0.93,
      "term": "beautiful excitement"
    },
    {
      "weight": 1.0,
      "term": "captivating excitement"
    },
    {
      "weight": 0.81,
      "term": "boredom"
    },
    {
      "weight": 0.89,
      "term": "(boredom:1.1)"
    },
    {
      "weight": 0.95,
      "term": "with boredom"
    },
    {
      "weight": 1.04,
      "term": "showing boredom"
    },
    {
      "weight": 0.95,
      "term": "expressing boredom"
    },
    {
      "weight": 0.89,
      "term": "displaying boredom"
    },
    {
      "weight": 0.83,
      "term": "radiating boredom"
    },
    {
      "weight": 1.12,
      "term": "exuding boredom"
    },
    {
      "weight": 0.99,
      "term": "natural boredom"
    },
    {
      "weight": 1.1,
      "term": "genuine boredom"
    },
    {
      "weight": 0.91,
      "term": "beautiful boredom"
    },
    {
      "weight": 0.83,
      "term": "captivating boredom"
    },
    {
      "weight": 1.16,
      "term": "curiosity"
    },
    {
      "weight": 1.08,
      "term": "(curiosity:1.1)"
    },
    {
      "weight": 1.04,
      "term": "with curiosity"
    },
    {
      "weight": 0.81,
      "term": "showing curiosity"
    },
    {
      "weight": 0.89,
      "term": "expressing curiosity"
    },
    {
      "weight": 0.85,
      "term": "displaying curiosity"
    },
    {
      "weight": 0.82,
      "term": "radiating curiosity"
    },
    {
      "weight": 0.88,
      "term": "exuding curiosity"
    },
    {
      "weight": 0.99,
      "term": "natural curiosity"
    },
    {
      "weight": 0.85,
      "term": "genuine curiosity"
    },
    {
      "weight": 1.03,
      "term": "beautiful curiosity"
    },
    {
      "weight": 0.95,
      "term": "captivating curiosity"
    },
    {
      "weight": 0.94,
      "term": "confusion"
    },
    {
      "weight": 1.03,
      "term": "(confusion:1.1)"
    },
    {
      "weight": 1.07,
      "term": "with confusion"
    },
    {
      "weight": 0.89,
      "term": "showing confusion"
    },
    {
      "weight": 1.09,
      "term": "expressing confusion"
    },
    {
      "weight": 1.16,
      "term": "displaying confusion"
    },
    {
      "weight": 1.2,
      "term": "radiating confusion"
    },
    {
      "weight": 0.98,
      "term": "exuding confusion"
    },
    {
      "weight": 0.86,
      "term": "natural confusion"
    },
    {
      "weight": 0.89,
      "term": "genuine confusion"
    },
    {
      "weight": 1.07,
      "term": "beautiful confusion"
    },
    {
      "weight": 1.12,
      "term": "captivating confusion"
    },
    {
      "weight": 0.92,
      "term": "satisfaction"
    },
    {
      "weight": 0.98,
      "term": "(satisfaction:1.1)"
    },
    {
      "weight": 0.9,
      "term": "with satisfaction"
    },
    {
      "weight": 0.93,
      "term": "showing satisfaction"
    },
    {
      "weight": 1.08,
      "term": "expressing satisfaction"
    },
    {
      "weight": 1.06,
      "term": "displaying satisfaction"
    },
    {
      "weight": 1.08,
      "term": "radiating satisfaction"
    },
    {
      "weight": 1.12,
      "term": "exuding satisfaction"
    },
    {
      "weight": 0.93,
      "term": "natural satisfaction"
    },
    {
      "weight": 0.91,
      "term": "genuine satisfaction"
    },
    {
      "weight": 1.09,
      "term": "beautiful satisfaction"
    },
    {
      "weight": 0.86,
      "term": "captivating satisfaction"
    },
    {
      "weight": 1.05,
      "term": "frustration"
    },
    {
      "weight": 0.84,
      "term": "(frustration:1.1)"
    },
    {
      "weight": 0.89,
      "term": "with frustration"
    },
    {
      "weight": 1.05,
      "term": "showing frustration"
    },
    {
      "weight": 1.04,
      "term": "expressing frustration"
    },
    {
      "weight": 1.11,
      "term": "displaying frustration"
    },
    {
      "weight": 1.14,
      "term": "radiating frustration"
    },
    {
      "weight": 1.02,
      "term": "exuding frustration"
    },
    {
      "weight": 0.93,
      "term": "natural frustration"
    },
    {
      "weight": 0.88,
      "term": "genuine frustration"
    },
    {
      "weight": 0.89,
      "term": "beautiful frustration"
    },
    {
      "weight": 1.17,
      "term": "captivating frustration"
    },
    {
      "weight": 1.0,
      "term": "hope"
    },
    {
      "weight": 1.1,
      "term": "(hope:1.1)"
    },
    {
      "weight": 1.09,
      "term": "with hope"
    },
    {
      "weight": 0.86,
      "term": "showing hope"
    },
    {
      "weight": 0.92,
      "term": "expressing hope"
    },
    {
      "weight": 0.87,
      "term": "displaying hope"
    },
    {
      "weight": 1.16,
      "term": "radiating hope"
    },
    {
      "weight": 0.98,
      "term": "exuding hope"
    },
    {
      "weight": 1.14,
      "term": "natural hope"
    },
    {
      "weight": 0.88,
      "term": "genuine hope"
    },
    {
      "weight": 1.13,
      "term": "beautiful hope"
    },
    {
      "weight": 1.01,
      "term": "captivating hope"
    },
    {
      "weight": 0.85,
      "term": "despair"
    },
    {
      "weight": 0.82,
      "term": "(despair:1.1)"
    },
    {
      "weight": 0.91,
      "term": "with despair"
    },
    {
      "weight": 1.11,
      "term": "showing despair"
    },
    {
      "weight": 0.88,
      "term": "expressing despair"
    },
    {
      "weight": 0.82,
      "term": "displaying despair"
    },
    {
      "weight": 0.82,
      "term": "radiating despair"
    },
    {
      "weight": 0.92,
      "term": "exuding despair"
    },
    {
      "weight": 0.91,
      "term": "natural despair"
    },
    {
      "weight": 0.88,
      "term": "genuine despair"
    },
    {
      "weight": 1.12,
      "term": "beautiful despair"
    },
    {
      "weight": 0.89,
      "term": "captivating despair"
    },
    {
      "weight": 0.8,
      "term": "melancholic"
    },
    {
      "weight": 0.89,
      "term": "(melancholic:1.1)"
    },
    {
      "weight": 1.09,
      "term": "with melancholic"
    },
    {
      "weight": 1.04,
      "term": "showing melancholic"
    },
    {
      "weight": 1.0,
      "term": "expressing melancholic"
    },
    {
      "weight": 0.95,
      "term": "displaying melancholic"
    },
    {
      "weight": 0.84,
      "term": "radiating melancholic"
    },
    {
      "weight": 1.06,
      "term": "exuding melancholic"
    },
    {
      "weight": 0.84,
      "term": "natural melancholic"
    },
    {
      "weight": 1.16,
      "term": "genuine melancholic"
    },
    {
      "weight": 0.91,
      "term": "beautiful melancholic"
    },
    {
      "weight": 1.1,
      "term": "captivating melancholic"
    },
    {
      "weight": 0.93,
      "term": "nostalgic"
    },
    {
      "weight": 1.1,
      "term": "(nostalgic:1.1)"
    },
    {
      "weight": 1.15,
      "term": "with nostalgic"
    },
    {
      "weight": 0.99,
      "term": "showing nostalgic"
    },
    {
      "weight": 1.06,
      "term": "expressing nostalgic"
    },
    {
      "weight": 0.85,
      "term": "displaying nostalgic"
    },
    {
      "weight": 0.84,
      "term": "radiating nostalgic"
    },
    {
      "weight": 0.84,
      "term": "exuding nostalgic"
    },
    {
      "weight": 0.85,
      "term": "natural nostalgic"
    },
    {
      "weight": 1.1,
      "term": "genuine nostalgic"
    },
    {
      "weight": 1.02,
      "term": "beautiful nostalgic"
    },
    {
      "weight": 1.15,
      "term": "captivating nostalgic"
    },
    {
      "weight": 0.82,
      "term": "euphoric"
    },
    {
      "weight": 0.95,
      "term": "(euphoric:1.1)"
    },
    {
      "weight": 1.05,
      "term": "with euphoric"
    },
    {
      "weight": 1.13,
      "term": "showing euphoric"
    },
    {
      "weight": 0.98,
      "term": "expressing euphoric"
    },
    {
      "weight": 1.04,
      "term": "displaying euphoric"
    },
    {
      "weight": 1.08,
      "term": "radiating euphoric"
    },
    {
      "weight": 0.89,
      "term": "exuding euphoric"
    },
    {
      "weight": 1.0,
      "term": "natural euphoric"
    },
    {
      "weight": 1.11,
      "term": "genuine euphoric"
    },
    {
      "weight": 1.12,
      "term": "beautiful euphoric"
    },
    {
      "weight": 1.04,
      "term": "captivating euphoric"
    },
    {
      "weight": 1.03,
      "term": "ecstatic"
    },
    {
      "weight": 0.91,
      "term": "(ecstatic:1.1)"
    },
    {
      "weight": 1.09,
      "term": "with ecstatic"
    },
    {
      "weight": 1.09,
      "term": "showing ecstatic"
    },
    {
      "weight": 0.91,
      "term": "expressing ecstatic"
    },
    {
      "weight": 1.16,
      "term": "displaying ecstatic"
    },
    {
      "weight": 1.19,
      "term": "radiating ecstatic"
    },
    {
      "weight": 0.92,
      "term": "exuding ecstatic"
    },
    {
      "weight": 0.88,
      "term": "natural ecstatic"
    },
    {
      "weight": 0.97,
      "term": "genuine ecstatic"
    },
    {
      "weight": 0.82,
      "term": "beautiful ecstatic"
    },
    {
      "weight": 1.14,
      "term": "captivating ecstatic"
    },
    {
      "weight": 0.94,
      "term": "serene"
    },
    {
      "weight": 0.95,
      "term": "(serene:1.1)"
    },
    {
      "weight": 1.09,
      "term": "with serene"
    },
    {
      "weight": 0.97,
      "term": "showing serene"
    },
    {
      "weight": 0.83,
      "term": "expressing serene"
    },
    {
      "weight": 1.06,
      "term": "displaying serene"
    },
    {
      "weight": 1.15,
      "term": "radiating serene"
    },
    {
      "weight": 1.11,
      "term": "exuding serene"
    },
    {
      "weight": 1.06,
      "term": "natural serene"
    },
    {
      "weight": 0.83,
      "term": "genuine serene"
    },
    {
      "weight": 1.09,
      "term": "beautiful serene"
    },
    {
      "weight": 0.86,
      "term": "captivating serene"
    },
    {
      "weight": 1.08,
      "term": "peaceful"
    },
    {
      "weight": 0.87,
      "term": "(peaceful:1.1)"
    },
    {
      "weight": 1.05,
      "term": "with peaceful"
    },
    {
      "weight": 0.81,
      "term": "showing peaceful"
    },
    {
      "weight": 1.03,
      "term": "expressing peaceful"
    },
    {
      "weight": 0.86,
      "term": "displaying peaceful"
    },
    {
      "weight": 1.07,
      "term": "radiating peaceful"
    },
    {
      "weight": 0.9,
      "term": "exuding peaceful"
    },
    {
      "weight": 1.02,
      "term": "natural peaceful"
    },
    {
      "weight": 0.89,
      "term": "genuine peaceful"
    },
    {
      "weight": 1.01,
      "term": "beautiful peaceful"
    },
    {
      "weight": 1.01,
      "term": "captivating peaceful"
    },
    {
      "weight": 1.02,
      "term": "anxious"
    },
    {
      "weight": 0.99,
      "term": "(anxious:1.1)"
    },
    {
      "weight": 0.95,
      "term": "with anxious"
    },
    {
      "weight": 0.93,
      "term": "showing anxious"
    },
    {
      "weight": 1.03,
      "term": "expressing anxious"
    },
    {
      "weight": 1.15,
      "term": "displaying anxious"
    },
    {
      "weight": 0.89,
      "term": "radiating anxious"
    },
    {
      "weight": 1.13,
      "term": "exuding anxious"
    },
    {
      "weight": 0.97,
      "term": "natural anxious"
    },
    {
      "weight": 0.96,
      "term": "genuine anxious"
    },
    {
      "weight": 0.91,
      "term": "beautiful anxious"
    },
    {
      "weight": 0.89,
      "term": "captivating anxious"
    },
    {
      "weight": 0.84,
      "term": "nervous"
    },
    {
      "weight": 1.03,
      "term": "(nervous:1.1)"
    },
    {
      "weight": 1.18,
      "term": "with nervous"
    },
    {
      "weight": 0.89,
      "term": "showing nervous"
    },
    {
      "weight": 1.02,
      "term": "expressing nervous"
    },
    {
      "weight": 0.84,
      "term": "displaying nervous"
    },
    {
      "weight": 1.05,
      "term": "radiating nervous"
    },
    {
      "weight": 1.08,
      "term": "exuding nervous"
    },
    {
      "weight": 1.15,
      "term": "natural nervous"
    },
    {
      "weight": 0.89,
      "term": "genuine nervous"
    },
    {
      "weight": 1.05,
      "term": "beautiful nervous"
    },
    {
      "weight": 1.16,
      "term": "captivating nervous"
    },
    {
      "weight": 0.84,
      "term": "confident"
    },
    {
      "weight": 1.06,
      "term": "(confident:1.1)"
    },
    {
      "weight": 0.84,
      "term": "with confident"
    },
    {
      "weight": 1.19,
      "term": "showing confident"
    },
    {
      "weight": 0.84,
      "term": "expressing confident"
    },
    {
      "weight": 1.01,
      "term": "displaying confident"
    },
    {
      "weight": 1.16,
      "term": "radiating confident"
    },
    {
      "weight": 0.86,
      "term": "exuding confident"
    },
    {
      "weight": 0.98,
      "term": "natural confident"
    },
    {
      "weight": 0.85,
      "term": "genuine confident"
    },
    {
      "weight": 0.96,
      "term": "beautiful confident"
    },
    {
      "weight": 0.94,
      "term": "captivating confident"
    },
    {
      "weight": 0.93,
      "term": "insecure"
    },
    {
      "weight": 1.11,
      "term": "(insecure:1.1)"
    },
    {
      "weight": 0.86,
      "term": "with insecure"
    },
    {
      "weight": 0.81,
      "term": "showing insecure"
    },
    {
      "weight": 0.83,
      "term": "expressing insecure"
    },
    {
      "weight": 0.88,
      "term": "displaying insecure"
    },
    {
      "weight": 1.18,
      "term": "radiating insecure"
    },
    {
      "weight": 1.08,
      "term": "exuding insecure"
    },
    {
      "weight": 0.84,
      "term": "natural insecure"
    },
    {
      "weight": 1.0,
      "term": "genuine insecure"
    },
    {
      "weight": 1.03,
      "term": "beautiful insecure"
    },
    {
      "weight": 0.91,
      "term": "captivating insecure"
    },
    {
      "weight": 1.12,
      "term": "proud"
    },
    {
      "weight": 1.01,
      "term": "(proud:1.1)"
    },
    {
      "weight": 0.83,
      "term": "with proud"
    },
    {
      "weight": 1.01,
      "term": "showing proud"
    },
    {
      "weight": 1.08,
      "term": "expressing proud"
    },
    {
      "weight": 0.87,
      "term": "displaying proud"
    },
    {
      "weight": 1.11,
      "term": "radiating proud"
    },
    {
      "weight": 0.98,
      "term": "exuding proud"
    },
    {
      "weight": 1.05,
      "term": "natural proud"
    },
    {
      "weight": 1.18,
      "term": "genuine proud"
    },
    {
      "weight": 1.19,
      "term": "beautiful proud"
    },
    {
      "weight": 1.07,
      "term": "captivating proud"
    },
    {
      "weight": 1.18,
      "term": "humble"
    },
    {
      "weight": 0.81,
      "term": "(humble:1.1)"
    },
    {
      "weight": 0.96,
      "term": "with humble"
    },
    {
      "weight": 1.11,
      "term": "showing humble"
    },
    {
      "weight": 1.0,
      "term": "expressing humble"
    },
    {
      "weight": 1.01,
      "term": "displaying humble"
    },
    {
      "weight": 1.14,
      "term": "radiating humble"
    },
    {
      "weight": 1.15,
      "term": "exuding humble"
    },
    {
      "weight": 1.03,
      "term": "natural humble"
    },
    {
      "weight": 0.82,
      "term": "genuine humble"
    },
    {
      "weight": 1.12,
      "term": "beautiful humble"
    },
    {
      "weight": 1.05,
      "term": "captivating humble"
    },
    {
      "weight": 1.16,
      "term": "passionate"
    },
    {
      "weight": 1.18,
      "term": "(passionate:1.1)"
    },
    {
      "weight": 1.16,
      "term": "with passionate"
    },
    {
      "weight": 1.17,
      "term": "showing passionate"
    },
    {
      "weight": 0.94,
      "term": "expressing passionate"
    },
    {
      "weight": 1.0,
      "term": "displaying passionate"
    },
    {
      "weight": 1.03,
      "term": "radiating passionate"
    },
    {
      "weight": 1.13,
      "term": "exuding passionate"
    },
    {
      "weight": 1.13,
      "term": "natural passionate"
    },
    {
      "weight": 1.05,
      "term": "genuine passionate"
    },
    {
      "weight": 1.07,
      "term": "beautiful passionate"
    },
    {
      "weight": 1.14,
      "term": "captivating passionate"
    },
    {
      "weight": 1.13,
      "term": "indifferent"
    },
    {
      "weight": 0.95,
      "term": "(indifferent:1.1)"
    },
    {
      "weight": 0.83,
      "term": "with indifferent"
    },
    {
      "weight": 1.12,
      "term": "showing indifferent"
    },
    {
      "weight": 0.89,
      "term": "expressing indifferent"
    },
    {
      "weight": 0.98,
      "term": "displaying indifferent"
    },
    {
      "weight": 0.87,
      "term": "radiating indifferent"
    },
    {
      "weight": 0.94,
      "term": "exuding indifferent"
    },
    {
      "weight": 1.17,
      "term": "natural indifferent"
    },
    {
      "weight": 1.04,
      "term": "genuine indifferent"
    },
    {
      "weight": 1.19,
      "term": "beautiful indifferent"
    },
    {
      "weight": 0.9,
      "term": "captivating indifferent"
    },
    {
      "weight": 0.84,
      "term": "empathetic"
    },
    {
      "weight": 1.03,
      "term": "(empathetic:1.1)"
    },
    {
      "weight": 0.87,
      "term": "with empathetic"
    },
    {
      "weight": 0.92,
      "term": "showing empathetic"
    },
    {
      "weight": 0.86,
      "term": "expressing empathetic"
    },
    {
      "weight": 0.96,
      "term": "displaying empathetic"
    },
    {
      "weight": 0.84,
      "term": "radiating empathetic"
    },
    {
      "weight": 0.8,
      "term": "exuding empathetic"
    },
    {
      "weight": 0.84,
      "term": "natural empathetic"
    },
    {
      "weight": 1.09,
      "term": "genuine empathetic"
    },
    {
      "weight": 1.14,
      "term": "beautiful empathetic"
    },
    {
      "weight": 1.15,
      "term": "captivating empathetic"
    },
    {
      "weight": 0.99,
      "term": "sympathetic"
    },
    {
      "weight": 0.89,
      "term": "(sympathetic:1.1)"
    },
    {
      "weight": 0.85,
      "term": "with sympathetic"
    },
    {
      "weight": 1.15,
      "term": "showing sympathetic"
    },
    {
      "weight": 0.95,
      "term": "expressing sympathetic"
    },
    {
      "weight": 0.98,
      "term": "displaying sympathetic"
    },
    {
      "weight": 0.96,
      "term": "radiating sympathetic"
    },
    {
      "weight": 1.05,
      "term": "exuding sympathetic"
    },
    {
      "weight": 1.09,
      "term": "natural sympathetic"
    },
    {
      "weight": 0.96,
      "term": "genuine sympathetic"
    },
    {
      "weight": 1.18,
      "term": "beautiful sympathetic"
    },
    {
      "weight": 0.99,
      "term": "captivating sympathetic"
    },
    {
      "weight": 0.99,
      "term": "envious"
    },
    {
      "weight": 0.89,
      "term": "(envious:1.1)"
    },
    {
      "weight": 1.13,
      "term": "with envious"
    },
    {
      "weight": 1.07,
      "term": "showing envious"
    },
    {
      "weight": 0.83,
      "term": "expressing envious"
    },
    {
      "weight": 1.0,
      "term": "displaying envious"
    },
    {
      "weight": 1.01,
      "term": "radiating envious"
    },
    {
      "weight": 1.19,
      "term": "exuding envious"
    },
    {
      "weight": 1.16,
      "term": "natural envious"
    },
    {
      "weight": 1.13,
      "term": "genuine envious"
    },
    {
      "weight": 1.08,
      "term": "beautiful envious"
    },
    {
      "weight": 0.88,
      "term": "captivating envious"
    },
    {
      "weight": 1.18,
      "term": "grateful"
    },
    {
      "weight": 0.88,
      "term": "(grateful:1.1)"
    },
    {
      "weight": 0.95,
      "term": "with grateful"
    },
    {
      "weight": 0.95,
      "term": "showing grateful"
    },
    {
      "weight": 1.2,
      "term": "expressing grateful"
    },
    {
      "weight": 0.9,
      "term": "displaying grateful"
    },
    {
      "weight": 1.06,
      "term": "radiating grateful"
    },
    {
      "weight": 0.86,
      "term": "exuding grateful"
    },
    {
      "weight": 0.87,
      "term": "natural grateful"
    },
    {
      "weight": 0.95,
      "term": "genuine grateful"
    },
    {
      "weight": 1.07,
      "term": "beautiful grateful"
    },
    {
      "weight": 0.88,
      "term": "captivating grateful"
    },
    {
      "weight": 0.93,
      "term": "resentful"
    },
    {
      "weight": 1.05,
      "term": "(resentful:1.1)"
    },
    {
      "weight": 0.9,
      "term": "with resentful"
    },
    {
      "weight": 0.89,
      "term": "showing resentful"
    },
    {
      "weight": 1.08,
      "term": "expressing resentful"
    },
    {
      "weight": 0.85,
      "term": "displaying resentful"
    },
    {
      "weight": 0.85,
      "term": "radiating resentful"
    },
    {
      "weight": 0.9,
      "term": "exuding resentful"
    },
    {
      "weight": 0.84,
      "term": "natural resentful"
    },
    {
      "weight": 0.92,
      "term": "genuine resentful"
    },
    {
      "weight": 1.05,
      "term": "beautiful resentful"
    },
    {
      "weight": 1.1,
      "term": "captivating resentful"
    },
    {
      "weight": 0.9,
      "term": "optimistic"
    },
    {
      "weight": 0.85,
      "term": "(optimistic:1.1)"
    },
    {
      "weight": 0.95,
      "term": "with optimistic"
    },
    {
      "weight": 0.85,
      "term": "showing optimistic"
    },
    {
      "weight": 1.12,
      "term": "expressing optimistic"
    },
    {
      "weight": 0.84,
      "term": "displaying optimistic"
    },
    {
      "weight": 1.03,
      "term": "radiating optimistic"
    },
    {
      "weight": 1.0,
      "term": "exuding optimistic"
    },
    {
      "weight": 0.98,
      "term": "natural optimistic"
    },
    {
      "weight": 1.09,
      "term": "genuine optimistic"
    },
    {
      "weight": 1.11,
      "term": "beautiful optimistic"
    },
    {
      "weight": 0.93,
      "term": "captivating optimistic"
    },
    {
      "weight": 0.85,
      "term": "pessimistic"
    },
    {
      "weight": 1.13,
      "term": "(pessimistic:1.1)"
    },
    {
      "weight": 0.86,
      "term": "with pessimistic"
    },
    {
      "weight": 0.89,
      "term": "showing pessimistic"
    },
    {
      "weight": 1.0,
      "term": "expressing pessimistic"
    },
    {
      "weight": 0.85,
      "term": "displaying pessimistic"
    },
    {
      "weight": 1.14,
      "term": "radiating pessimistic"
    },
    {
      "weight": 1.15,
      "term": "exuding pessimistic"
    },
    {
      "weight": 0.86,
      "term": "natural pessimistic"
    },
    {
      "weight": 0.83,
      "term": "genuine pessimistic"
    },
    {
      "weight": 0.84,
      "term": "beautiful pessimistic"
    },
    {
      "weight": 0.89,
      "term": "captivating pessimistic"
    },
    {
      "weight": 1.06,
      "term": "determined"
    },
    {
      "weight": 1.19,
      "term": "(determined:1.1)"
    },
    {
      "weight": 0.93,
      "term": "with determined"
    },
    {
      "weight": 1.17,
      "term": "showing determined"
    },
    {
      "weight": 1.07,
      "term": "expressing determined"
    },
    {
      "weight": 0.99,
      "term": "displaying determined"
    },
    {
      "weight": 1.15,
      "term": "radiating determined"
    },
    {
      "weight": 0.99,
      "term": "exuding determined"
    },
    {
      "weight": 0.92,
      "term": "natural determined"
    },
    {
      "weight": 1.17,
      "term": "genuine determined"
    },
    {
      "weight": 0.94,
      "term": "beautiful determined"
    },
    {
      "weight": 1.13,
      "term": "captivating determined"
    },
    {
      "weight": 0.82,
      "term": "smile"
    },
    {
      "weight": 1.17,
      "term": "(smile:1.1)"
    },
    {
      "weight": 1.15,
      "term": "with smile"
    },
    {
      "weight": 0.98,
      "term": "showing smile"
    },
    {
      "weight": 1.17,
      "term": "expressing smile"
    },
    {
      "weight": 0.84,
      "term": "displaying smile"
    },
    {
      "weight": 1.04,
      "term": "radiating smile"
    },
    {
      "weight": 1.14,
      "term": "exuding smile"
    },
    {
      "weight": 1.14,
      "term": "natural smile"
    },
    {
      "weight": 1.18,
      "term": "genuine smile"
    },
    {
      "weight": 0.84,
      "term": "beautiful smile"
    },
    {
      "weight": 1.0,
      "term": "captivating smile"
    },
    {
      "weight": 0.94,
      "term": "frown"
    },
    {
      "weight": 0.9,
      "term": "(frown:1.1)"
    },
    {
      "weight": 1.11,
      "term": "with frown"
    },
    {
      "weight": 1.05,
      "term": "showing frown"
    },
    {
      "weight": 1.03,
      "term": "expressing frown"
    },
    {
      "weight": 1.0,
      "term": "displaying frown"
    },
    {
      "weight": 0.98,
      "term": "radiating frown"
    },
    {
      "weight": 0.94,
      "term": "exuding frown"
    },
    {
      "weight": 1.19,
      "term": "natural frown"
    },
    {
      "weight": 0.94,
      "term": "genuine frown"
    },
    {
      "weight": 0.88,
      "term": "beautiful frown"
    },
    {
      "weight": 0.83,
      "term": "captivating frown"
    },
    {
      "weight": 0.82,
      "term": "grin"
    },
    {
      "weight": 1.16,
      "term": "(grin:1.1)"
    },
    {
      "weight": 0.89,
      "term": "with grin"
    },
    {
      "weight": 1.15,
      "term": "showing grin"
    },
    {
      "weight": 1.02,
      "term": "expressing grin"
    },
    {
      "weight": 1.15,
      "term": "displaying grin"
    },
    {
      "weight": 1.1,
      "term": "radiating grin"
    },
    {
      "weight": 1.19,
      "term": "exuding grin"
    },
    {
      "weight": 0.97,
      "term": "natural grin"
    },
    {
      "weight": 1.05,
      "term": "genuine grin"
    },
    {
      "weight": 1.03,
      "term": "beautiful grin"
    },
    {
      "weight": 0.99,
      "term": "captivating grin"
    },
    {
      "weight": 1.16,
      "term": "smirk"
    },
    {
      "weight": 1.0,
      "term": "(smirk:1.1)"
    },
    {
      "weight": 1.14,
      "term": "with smirk"
    },
    {
      "weight": 0.93,
      "term": "showing smirk"
    },
    {
      "weight": 0.91,
      "term": "expressing smirk"
    },
    {
      "weight": 0.87,
      "term": "displaying smirk"
    },
    {
      "weight": 1.17,
      "term": "radiating smirk"
    },
    {
      "weight": 1.2,
      "term": "exuding smirk"
    },
    {
      "weight": 0.89,
      "term": "natural smirk"
    },
    {
      "weight": 1.17,
      "term": "genuine smirk"
    },
    {
      "weight": 0.97,
      "term": "beautiful smirk"
    },
    {
      "weight": 1.01,
      "term": "captivating smirk"
    },
    {
      "weight": 1.05,
      "term": "pout"
    },
    {
      "weight": 0.89,
      "term": "(pout:1.1)"
    },
    {
      "weight": 0.82,
      "term": "with pout"
    },
    {
      "weight": 0.93,
      "term": "showing pout"
    },
    {
      "weight": 0.99,
      "term": "expressing pout"
    },
    {
      "weight": 0.88,
      "term": "displaying pout"
    },
    {
      "weight": 1.17,
      "term": "radiating pout"
    },
    {
      "weight": 0.82,
      "term": "exuding pout"
    },
    {
      "weight": 1.17,
      "term": "natural pout"
    },
    {
      "weight": 0.89,
      "term": "genuine pout"
    },
    {
      "weight": 0.83,
      "term": "beautiful pout"
    },
    {
      "weight": 1.17,
      "term": "captivating pout"
    },
    {
      "weight": 1.16,
      "term": "laugh"
    },
    {
      "weight": 1.09,
      "term": "(laugh:1.1)"
    },
    {
      "weight": 0.86,
      "term": "with laugh"
    },
    {
      "weight": 1.09,
      "term": "showing laugh"
    },
    {
      "weight": 0.89,
      "term": "expressing laugh"
    },
    {
      "weight": 1.14,
      "term": "displaying laugh"
    },
    {
      "weight": 1.0,
      "term": "radiating laugh"
    },
    {
      "weight": 1.0,
      "term": "exuding laugh"
    },
    {
      "weight": 1.09,
      "term": "natural laugh"
    },
    {
      "weight": 1.04,
      "term": "genuine laugh"
    },
    {
      "weight": 1.12,
      "term": "beautiful laugh"
    },
    {
      "weight": 1.03,
      "term": "captivating laugh"
    },
    {
      "weight": 1.13,
      "term": "cry"
    },
    {
      "weight": 0.97,
      "term": "(cry:1.1)"
    },
    {
      "weight": 1.11,
      "term": "with cry"
    },
    {
      "weight": 1.12,
      "term": "showing cry"
    },
    {
      "weight": 0.96,
      "term": "expressing cry"
    },
    {
      "weight": 0.91,
      "term": "displaying cry"
    },
    {
      "weight": 1.18,
      "term": "radiating cry"
    },
    {
      "weight": 0.8,
      "term": "exuding cry"
    },
    {
      "weight": 1.04,
      "term": "natural cry"
    },
    {
      "weight": 0.9,
      "term": "genuine cry"
    },
    {
      "weight": 0.84,
      "term": "beautiful cry"
    },
    {
      "weight": 0.99,
      "term": "captivating cry"
    },
    {
      "weight": 0.95,
      "term": "wink"
    },
    {
      "weight": 0.93,
      "term": "(wink:1.1)"
    },
    {
      "weight": 1.19,
      "term": "with wink"
    },
    {
      "weight": 0.98,
      "term": "showing wink"
    },
    {
      "weight": 1.13,
      "term": "expressing wink"
    },
    {
      "weight": 0.84,
      "term": "displaying wink"
    },
    {
      "weight": 0.99,
      "term": "radiating wink"
    },
    {
      "weight": 0.8,
      "term": "exuding wink"
    },
    {
      "weight": 0.88,
      "term": "natural wink"
    },
    {
      "weight": 1.04,
      "term": "genuine wink"
    },
    {
      "weight": 1.0,
      "term": "beautiful wink"
    },
    {
      "weight": 0.9,
      "term": "captivating wink"
    },
    {
      "weight": 1.05,
      "term": "glare"
    },
    {
      "weight": 1.09,
      "term": "(glare:1.1)"
    },
    {
      "weight": 1.01,
      "term": "with glare"
    },
    {
      "weight": 0.91,
      "term": "showing glare"
    },
    {
      "weight": 1.04,
      "term": "expressing glare"
    },
    {
      "weight": 0.88,
      "term": "displaying glare"
    },
    {
      "weight": 1.14,
      "term": "radiating glare"
    },
    {
      "weight": 0.86,
      "term": "exuding glare"
    },
    {
      "weight": 0.81,
      "term": "natural glare"
    },
    {
      "weight": 1.14,
      "term": "genuine glare"
    },
    {
      "weight": 0.85,
      "term": "beautiful glare"
    },
    {
      "weight": 0.96,
      "term": "captivating glare"
    },
    {
      "weight": 0.84,
      "term": "stare"
    },
    {
      "weight": 0.84,
      "term": "(stare:1.1)"
    },
    {
      "weight": 0.94,
      "term": "with stare"
    },
    {
      "weight": 0.91,
      "term": "showing stare"
    },
    {
      "weight": 0.94,
      "term": "expressing stare"
    },
    {
      "weight": 0.96,
      "term": "displaying stare"
    },
    {
      "weight": 0.95,
      "term": "radiating stare"
    },
    {
      "weight": 0.93,
      "term": "exuding stare"
    },
    {
      "weight": 1.11,
      "term": "natural stare"
    },
    {
      "weight": 0.93,
      "term": "genuine stare"
    },
    {
      "weight": 1.08,
      "term": "beautiful stare"
    },
    {
      "weight": 0.98,
      "term": "captivating stare"
    },
    {
      "weight": 0.97,
      "term": "gaze"
    },
    {
      "weight": 1.04,
      "term": "(gaze:1.1)"
    },
    {
      "weight": 1.16,
      "term": "with gaze"
    },
    {
      "weight": 0.83,
      "term": "showing gaze"
    },
    {
      "weight": 0.97,
      "term": "expressing gaze"
    },
    {
      "weight": 1.12,
      "term": "displaying gaze"
    },
    {
      "weight": 1.19,
      "term": "radiating gaze"
    },
    {
      "weight": 0.85,
      "term": "exuding gaze"
    },
    {
      "weight": 1.18,
      "term": "natural gaze"
    },
    {
      "weight": 1.1,
      "term": "genuine gaze"
    },
    {
      "weight": 0.83,
      "term": "beautiful gaze"
    },
    {
      "weight": 1.04,
      "term": "captivating gaze"
    },
    {
      "weight": 1.13,
      "term": "glance"
    },
    {
      "weight": 0.92,
      "term": "(glance:1.1)"
    },
    {
      "weight": 1.15,
      "term": "with glance"
    },
    {
      "weight": 1.12,
      "term": "showing glance"
    },
    {
      "weight": 0.96,
      "term": "expressing glance"
    },
    {
      "weight": 1.04,
      "term": "displaying glance"
    },
    {
      "weight": 0.9,
      "term": "radiating glance"
    },
    {
      "weight": 1.15,
      "term": "exuding glance"
    },
    {
      "weight": 0.82,
      "term": "natural glance"
    },
    {
      "weight": 1.1,
      "term": "genuine glance"
    },
    {
      "weight": 0.91,
      "term": "beautiful glance"
    },
    {
      "weight": 1.06,
      "term": "captivating glance"
    },
    {
      "weight": 1.1,
      "term": "scowl"
    },
    {
      "weight": 0.89,
      "term": "(scowl:1.1)"
    },
    {
      "weight": 1.08,
      "term": "with scowl"
    },
    {
      "weight": 1.04,
      "term": "showing scowl"
    },
    {
      "weight": 0.8,
      "term": "expressing scowl"
    },
    {
      "weight": 0.91,
      "term": "displaying scowl"
    },
    {
      "weight": 1.17,
      "term": "radiating scowl"
    },
    {
      "weight": 1.12,
      "term": "exuding scowl"
    },
    {
      "weight": 0.85,
      "term": "natural scowl"
    },
    {
      "weight": 1.1,
      "term": "genuine scowl"
    },
    {
      "weight": 1.04,
      "term": "beautiful scowl"
    },
    {
      "weight": 1.11,
      "term": "captivating scowl"
    },
    {
      "weight": 0.87,
      "term": "beam"
    },
    {
      "weight": 1.08,
      "term": "(beam:1.1)"
    },
    {
      "weight": 0.91,
      "term": "with beam"
    },
    {
      "weight": 0.91,
      "term": "showing beam"
    },
    {
      "weight": 0.96,
      "term": "expressing beam"
    },
    {
      "weight": 1.14,
      "term": "displaying beam"
    },
    {
      "weight": 1.12,
      "term": "radiating beam"
    },
    {
      "weight": 0.86,
      "term": "exuding beam"
    },
    {
      "weight": 1.0,
      "term": "natural beam"
    },
    {
      "weight": 1.07,
      "term": "genuine beam"
    },
    {
      "weight": 0.97,
      "term": "beautiful beam"
    },
    {
      "weight": 0.81,
      "term": "captivating beam"
    },
    {
      "weight": 0.9,
      "term": "grimace"
    },
    {
      "weight": 0.91,
      "term": "(grimace:1.1)"
    },
    {
      "weight": 1.19,
      "term": "with grimace"
    },
    {
      "weight": 0.92,
      "term": "showing grimace"
    },
    {
      "weight": 1.1,
      "term": "expressing grimace"
    },
    {
      "weight": 1.06,
      "term": "displaying grimace"
    },
    {
      "weight": 1.19,
      "term": "radiating grimace"
    },
    {
      "weight": 1.12,
      "term": "exuding grimace"
    },
    {
      "weight": 0.96,
      "term": "natural grimace"
    },
    {
      "weight": 1.18,
      "term": "genuine grimace"
    },
    {
      "weight": 1.03,
      "term": "beautiful grimace"
    },
    {
      "weight": 0.88,
      "term": "captivating grimace"
    },
    {
      "weight": 0.85,
      "term": "sneer"
    },
    {
      "weight": 0.96,
      "term": "(sneer:1.1)"
    },
    {
      "weight": 1.16,
      "term": "with sneer"
    },
    {
      "weight": 1.0,
      "term": "showing sneer"
    },
    {
      "weight": 1.05,
      "term": "expressing sneer"
    },
    {
      "weight": 1.16,
      "term": "displaying sneer"
    },
    {
      "weight": 1.07,
      "term": "radiating sneer"
    },
    {
      "weight": 0.84,
      "term": "exuding sneer"
    },
    {
      "weight": 1.11,
      "term": "natural sneer"
    },
    {
      "weight": 0.97,
      "term": "genuine sneer"
    },
    {
      "weight": 1.06,
      "term": "beautiful sneer"
    },
    {
      "weight": 1.06,
      "term": "captivating sneer"
    },
    {
      "weight": 1.07,
      "term": "leer"
    },
    {
      "weight": 1.19,
      "term": "(leer:1.1)"
    },
    {
      "weight": 0.82,
      "term": "with leer"
    },
    {
      "weight": 0.89,
      "term": "showing leer"
    },
    {
      "weight": 0.9,
      "term": "expressing leer"
    },
    {
      "weight": 1.2,
      "term": "displaying leer"
    },
    {
      "weight": 1.15,
      "term": "radiating leer"
    },
    {
      "weight": 0.87,
      "term": "exuding leer"
    },
    {
      "weight": 1.03,
      "term": "natural leer"
    },
    {
      "weight": 1.17,
      "term": "genuine leer"
    },
    {
      "weight": 0.89,
      "term": "beautiful leer"
    },
    {
      "weight": 1.04,
      "term": "captivating leer"
    },
    {
      "weight": 1.12,
      "term": "ogle"
    },
    {
      "weight": 1.04,
      "term": "(ogle:1.1)"
    },
    {
      "weight": 0.98,
      "term": "with ogle"
    },
    {
      "weight": 0.94,
      "term": "showing ogle"
    },
    {
      "weight": 0.96,
      "term": "expressing ogle"
    },
    {
      "weight": 0.97,
      "term": "displaying ogle"
    },
    {
      "weight": 0.81,
      "term": "radiating ogle"
    },
    {
      "weight": 1.12,
      "term": "exuding ogle"
    },
    {
      "weight": 0.94,
      "term": "natural ogle"
    },
    {
      "weight": 0.95,
      "term": "genuine ogle"
    },
    {
      "weight": 0.91,
      "term": "beautiful ogle"
    },
    {
      "weight": 0.93,
      "term": "captivating ogle"
    },
    {
      "weight": 0.93,
      "term": "peer"
    },
    {
      "weight": 1.04,
      "term": "(peer:1.1)"
    },
    {
      "weight": 1.06,
      "term": "with peer"
    },
    {
      "weight": 0.96,
      "term": "showing peer"
    },
    {
      "weight": 1.12,
      "term": "expressing peer"
    },
    {
      "weight": 1.0,
      "term": "displaying peer"
    },
    {
      "weight": 1.13,
      "term": "radiating peer"
    },
    {
      "weight": 0.8,
      "term": "exuding peer"
    },
    {
      "weight": 1.2,
      "term": "natural peer"
    },
    {
      "weight": 0.9,
      "term": "genuine peer"
    },
    {
      "weight": 0.95,
      "term": "beautiful peer"
    },
    {
      "weight": 0.82,
      "term": "captivating peer"
    },
    {
      "weight": 1.13,
      "term": "squint"
    },
    {
      "weight": 1.16,
      "term": "(squint:1.1)"
    },
    {
      "weight": 1.06,
      "term": "with squint"
    },
    {
      "weight": 0.81,
      "term": "showing squint"
    },
    {
      "weight": 0.9,
      "term": "expressing squint"
    },
    {
      "weight": 0.91,
      "term": "displaying squint"
    },
    {
      "weight": 0.92,
      "term": "radiating squint"
    },
    {
      "weight": 1.19,
      "term": "exuding squint"
    },
    {
      "weight": 1.09,
      "term": "natural squint"
    },
    {
      "weight": 1.06,
      "term": "genuine squint"
    },
    {
      "weight": 1.04,
      "term": "beautiful squint"
    },
    {
      "weight": 0.85,
      "term": "captivating squint"
    },
    {
      "weight": 0.97,
      "term": "blink"
    },
    {
      "weight": 1.08,
      "term": "(blink:1.1)"
    },
    {
      "weight": 1.17,
      "term": "with blink"
    },
    {
      "weight": 1.13,
      "term": "showing blink"
    },
    {
      "weight": 0.84,
      "term": "expressing blink"
    },
    {
      "weight": 1.0,
      "term": "displaying blink"
    },
    {
      "weight": 1.06,
      "term": "radiating blink"
    },
    {
      "weight": 1.01,
      "term": "exuding blink"
    },
    {
      "weight": 0.86,
      "term": "natural blink"
    },
    {
      "weight": 1.13,
      "term": "genuine blink"
    },
    {
      "weight": 1.13,
      "term": "beautiful blink"
    },
    {
      "weight": 0.9,
      "term": "captivating blink"
    },
    {
      "weight": 1.02,
      "term": "flutter"
    },
    {
      "weight": 1.19,
      "term": "(flutter:1.1)"
    },
    {
      "weight": 1.03,
      "term": "with flutter"
    },
    {
      "weight": 1.0,
      "term": "showing flutter"
    },
    {
      "weight": 1.1,
      "term": "expressing flutter"
    },
    {
      "weight": 1.15,
      "term": "displaying flutter"
    },
    {
      "weight": 0.88,
      "term": "radiating flutter"
    },
    {
      "weight": 0.86,
      "term": "exuding flutter"
    },
    {
      "weight": 1.03,
      "term": "natural flutter"
    },
    {
      "weight": 0.94,
      "term": "genuine flutter"
    },
    {
      "weight": 0.95,
      "term": "beautiful flutter"
    },
    {
      "weight": 1.13,
      "term": "captivating flutter"
    },
    {
      "weight": 0.97,
      "term": "twinkling eyes"
    },
    {
      "weight": 0.85,
      "term": "(twinkling eyes:1.1)"
    },
    {
      "weight": 0.87,
      "term": "with twinkling eyes"
    },
    {
      "weight": 1.13,
      "term": "showing twinkling eyes"
    },
    {
      "weight": 0.84,
      "term": "expressing twinkling eyes"
    },
    {
      "weight": 1.04,
      "term": "displaying twinkling eyes"
    },
    {
      "weight": 1.04,
      "term": "radiating twinkling eyes"
    },
    {
      "weight": 0.94,
      "term": "exuding twinkling eyes"
    },
    {
      "weight": 1.2,
      "term": "natural twinkling eyes"
    },
    {
      "weight": 1.02,
      "term": "genuine twinkling eyes"
    },
    {
      "weight": 0.89,
      "term": "beautiful twinkling eyes"
    },
    {
      "weight": 1.17,
      "term": "captivating twinkling eyes"
    },
    {
      "weight": 0.89,
      "term": "sparkling eyes"
    },
    {
      "weight": 0.96,
      "term": "(sparkling eyes:1.1)"
    },
    {
      "weight": 0.82,
      "term": "with sparkling eyes"
    },
    {
      "weight": 0.94,
      "term": "showing sparkling eyes"
    },
    {
      "weight": 0.8,
      "term": "expressing sparkling eyes"
    },
    {
      "weight": 1.15,
      "term": "displaying sparkling eyes"
    },
    {
      "weight": 1.07,
      "term": "radiating sparkling eyes"
    },
    {
      "weight": 0.92,
      "term": "exuding sparkling eyes"
    },
    {
      "weight": 1.2,
      "term": "natural sparkling eyes"
    },
    {
      "weight": 0.84,
      "term": "genuine sparkling eyes"
    },
    {
      "weight": 1.13,
      "term": "beautiful sparkling eyes"
    },
    {
      "weight": 1.1,
      "term": "captivating sparkling eyes"
    },
    {
      "weight": 1.01,
      "term": "bright eyes"
    },
    {
      "weight": 1.04,
      "term": "(bright eyes:1.1)"
    },
    {
      "weight": 1.09,
      "term": "with bright eyes"
    },
    {
      "weight": 0.8,
      "term": "showing bright eyes"
    },
    {
      "weight": 1.1,
      "term": "expressing bright eyes"
    },
    {
      "weight": 1.04,
      "term": "displaying bright eyes"
    },
    {
      "weight": 0.9,
      "term": "radiating bright eyes"
    },
    {
      "weight": 0.95,
      "term": "exuding bright eyes"
    },
    {
      "weight": 1.03,
      "term": "natural bright eyes"
    },
    {
      "weight": 0.84,
      "term": "genuine bright eyes"
    },
    {
      "weight": 1.19,
      "term": "beautiful bright eyes"
    },
    {
      "weight": 1.1,
      "term": "captivating bright eyes"
    },
    {
      "weight": 0.91,
      "term": "dull eyes"
    },
    {
      "weight": 1.14,
      "term": "(dull eyes:1.1)"
    },
    {
      "weight": 0.84,
      "term": "with dull eyes"
    },
    {
      "weight": 0.98,
      "term": "showing dull eyes"
    },
    {
      "weight": 0.93,
      "term": "expressing dull eyes"
    },
    {
      "weight": 0.92,
      "term": "displaying dull eyes"
    },
    {
      "weight": 0.9,
      "term": "radiating dull eyes"
    },
    {
      "weight": 0.92,
      "term": "exuding dull eyes"
    },
    {
      "weight": 1.12,
      "term": "natural dull eyes"
    },
    {
      "weight": 1.05,
      "term": "genuine dull eyes"
    },
    {
      "weight": 1.15,
      "term": "beautiful dull eyes"
    },
    {
      "weight": 0.91,
      "term": "captivating dull eyes"
    },
    {
      "weight": 0.85,
      "term": "tired eyes"
    },
    {
      "weight": 0.98,
      "term": "(tired eyes:1.1)"
    },
    {
      "weight": 0.98,
      "term": "with tired eyes"
    },
    {
      "weight": 0.82,
      "term": "showing tired eyes"
    },
    {
      "weight": 1.02,
      "term": "expressing tired eyes"
    },
    {
      "weight": 1.15,
      "term": "displaying tired eyes"
    },
    {
      "weight": 0.85,
      "term": "radiating tired eyes"
    },
    {
      "weight": 1.1,
      "term": "exuding tired eyes"
    },
    {
      "weight": 1.18,
      "term": "natural tired eyes"
    },
    {
      "weight": 1.01,
      "term": "genuine tired eyes"
    },
    {
      "weight": 1.03,
      "term": "beautiful tired eyes"
    },
    {
      "weight": 1.11,
      "term": "captivating tired eyes"
    },
    {
      "weight": 0.88,
      "term": "alert eyes"
    },
    {
      "weight": 0.88,
      "term": "(alert eyes:1.1)"
    },
    {
      "weight": 0.99,
      "term": "with alert eyes"
    },
    {
      "weight": 1.06,
      "term": "showing alert eyes"
    },
    {
      "weight": 1.12,
      "term": "expressing alert eyes"
    },
    {
      "weight": 1.14,
      "term": "displaying alert eyes"
    },
    {
      "weight": 0.95,
      "term": "radiating alert eyes"
    },
    {
      "weight": 0.86,
      "term": "exuding alert eyes"
    },
    {
      "weight": 0.94,
      "term": "natural alert eyes"
    },
    {
      "weight": 0.81,
      "term": "genuine alert eyes"
    },
    {
      "weight": 0.94,
      "term": "beautiful alert eyes"
    },
    {
      "weight": 1.04,
      "term": "captivating alert eyes"
    },
    {
      "weight": 1.02,
      "term": "sleepy eyes"
    },
    {
      "weight": 0.99,
      "term": "(sleepy eyes:1.1)"
    },
    {
      "weight": 0.97,
      "term": "with sleepy eyes"
    },
    {
      "weight": 0.88,
      "term": "showing sleepy eyes"
    },
    {
      "weight": 0.81,
      "term": "expressing sleepy eyes"
    },
    {
      "weight": 1.1,
      "term": "displaying sleepy eyes"
    },
    {
      "weight": 0.81,
      "term": "radiating sleepy eyes"
    },
    {
      "weight": 0.87,
      "term": "exuding sleepy eyes"
    },
    {
      "weight": 0.89,
      "term": "natural sleepy eyes"
    },
    {
      "weight": 0.87,
      "term": "genuine sleepy eyes"
    },
    {
      "weight": 1.12,
      "term": "beautiful sleepy eyes"
    },
    {
      "weight": 0.95,
      "term": "captivating sleepy eyes"
    },
    {
      "weight": 0.91,
      "term": "wide eyes"
    },
    {
      "weight": 1.18,
      "term": "(wide eyes:1.1)"
    },
    {
      "weight": 1.16,
      "term": "with wide eyes"
    },
    {
      "weight": 1.01,
      "term": "showing wide eyes"
    },
    {
      "weight": 0.92,
      "term": "expressing wide eyes"
    },
    {
      "weight": 0.97,
      "term": "displaying wide eyes"
    },
    {
      "weight": 0.8,
      "term": "radiating wide eyes"
    },
    {
      "weight": 1.05,
      "term": "exuding wide eyes"
    },
    {
      "weight": 1.04,
      "term": "natural wide eyes"
    },
    {
      "weight": 0.93,
      "term": "genuine wide eyes"
    },
    {
      "weight": 0.95,
      "term": "beautiful wide eyes"
    },
    {
      "weight": 1.19,
      "term": "captivating wide eyes"
    },
    {
      "weight": 0.95,
      "term": "narrow eyes"
    },
    {
      "weight": 1.19,
      "term": "(narrow eyes:1.1)"
    },
    {
      "weight": 0.8,
      "term": "with narrow eyes"
    },
    {
      "weight": 0.84,
      "term": "showing narrow eyes"
    },
    {
      "weight": 0.94,
      "term": "expressing narrow eyes"
    },
    {
      "weight": 1.14,
      "term": "displaying narrow eyes"
    },
    {
      "weight": 1.08,
      "term": "radiating narrow eyes"
    },
    {
      "weight": 0.84,
      "term": "exuding narrow eyes"
    },
    {
      "weight": 1.19,
      "term": "natural narrow eyes"
    },
    {
      "weight": 0.94,
      "term": "genuine narrow eyes"
    },
    {
      "weight": 0.88,
      "term": "beautiful narrow eyes"
    },
    {
      "weight": 0.87,
      "term": "captivating narrow eyes"
    },
    {
      "weight": 1.01,
      "term": "piercing eyes"
    },
    {
      "weight": 1.15,
      "term": "(piercing eyes:1.1)"
    },
    {
      "weight": 0.9,
      "term": "with piercing eyes"
    },
    {
      "weight": 1.06,
      "term": "showing piercing eyes"
    },
    {
      "weight": 0.81,
      "term": "expressing piercing eyes"
    },
    {
      "weight": 0.94,
      "term": "displaying piercing eyes"
    },
    {
      "weight": 0.94,
      "term": "radiating piercing eyes"
    },
    {
      "weight": 1.06,
      "term": "exuding piercing eyes"
    },
    {
      "weight": 1.17,
      "term": "natural piercing eyes"
    },
    {
      "weight": 0.86,
      "term": "genuine piercing eyes"
    },
    {
      "weight": 0.98,
      "term": "beautiful piercing eyes"
    },
    {
      "weight": 0.98,
      "term": "captivating piercing eyes"
    },
    {
      "weight": 1.14,
      "term": "gentle eyes"
    },
    {
      "weight": 0.85,
      "term": "(gentle eyes:1.1)"
    },
    {
      "weight": 1.19,
      "term": "with gentle eyes"
    },
    {
      "weight": 0.88,
      "term": "showing gentle eyes"
    },
    {
      "weight": 0.8,
      "term": "expressing gentle eyes"
    },
    {
      "weight": 1.13,
      "term": "displaying gentle eyes"
    },
    {
      "weight": 1.02,
      "term": "radiating gentle eyes"
    },
    {
      "weight": 1.06,
      "term": "exuding gentle eyes"
    },
    {
      "weight": 1.09,
      "term": "natural gentle eyes"
    },
    {
      "weight": 0.87,
      "term": "genuine gentle eyes"
    },
    {
      "weight": 0.83,
      "term": "beautiful gentle eyes"
    },
    {
      "weight": 1.09,
      "term": "captivating gentle eyes"
    },
    {
      "weight": 0.99,
      "term": "kind eyes"
    },
    {
      "weight": 1.12,
      "term": "(kind eyes:1.1)"
    },
    {
      "weight": 0.91,
      "term": "with kind eyes"
    },
    {
      "weight": 0.81,
      "term": "showing kind eyes"
    },
    {
      "weight": 1.11,
      "term": "expressing kind eyes"
    },
    {
      "weight": 1.06,
      "term": "displaying kind eyes"
    },
    {
      "weight": 0.85,
      "term": "radiating kind eyes"
    },
    {
      "weight": 0.87,
      "term": "exuding kind eyes"
    },
    {
      "weight": 1.1,
      "term": "natural kind eyes"
    },
    {
      "weight": 0.82,
      "term": "genuine kind eyes"
    },
    {
      "weight": 1.13,
      "term": "beautiful kind eyes"
    },
    {
      "weight": 0.94,
      "term": "captivating kind eyes"
    },
    {
      "weight": 0.83,
      "term": "cold eyes"
    },
    {
      "weight": 1.08,
      "term": "(cold eyes:1.1)"
    },
    {
      "weight": 0.96,
      "term": "with cold eyes"
    },
    {
      "weight": 1.02,
      "term": "showing cold eyes"
    },
    {
      "weight": 1.06,
      "term": "expressing cold eyes"
    },
    {
      "weight": 0.84,
      "term": "displaying cold eyes"
    },
    {
      "weight": 1.18,
      "term": "radiating cold eyes"
    },
    {
      "weight": 1.17,
      "term": "exuding cold eyes"
    },
    {
      "weight": 1.03,
      "term": "natural cold eyes"
    },
    {
      "weight": 1.06,
      "term": "genuine cold eyes"
    },
    {
      "weight": 1.13,
      "term": "beautiful cold eyes"
    },
    {
      "weight": 0.8,
      "term": "captivating cold eyes"
    },
    {
      "weight": 0.86,
      "term": "warm eyes"
    },
    {
      "weight": 0.94,
      "term": "(warm eyes:1.1)"
    },
    {
      "weight": 0.96,
      "term": "with warm eyes"
    },
    {
      "weight": 0.96,
      "term": "showing warm eyes"
    },
    {
      "weight": 0.95,
      "term": "expressing warm eyes"
    },
    {
      "weight": 1.0,
      "term": "displaying warm eyes"
    },
    {
      "weight": 1.14,
      "term": "radiating warm eyes"
    },
    {
      "weight": 1.07,
      "term": "exuding warm eyes"
    },
    {
      "weight": 0.94,
      "term": "natural warm eyes"
    },
    {
      "weight": 0.83,
      "term": "genuine warm eyes"
    },
    {
      "weight": 1.11,
      "term": "beautiful warm eyes"
    },
    {
      "weight": 1.05,
      "term": "captivating warm eyes"
    },
    {
      "weight": 1.14,
      "term": "loving eyes"
    },
    {
      "weight": 0.86,
      "term": "(loving eyes:1.1)"
    },
    {
      "weight": 0.92,
      "term": "with loving eyes"
    },
    {
      "weight": 1.05,
      "term": "showing loving eyes"
    },
    {
      "weight": 0.97,
      "term": "expressing loving eyes"
    },
    {
      "weight": 1.13,
      "term": "displaying loving eyes"
    },
    {
      "weight": 0.82,
      "term": "radiating loving eyes"
    },
    {
      "weight": 0.93,
      "term": "exuding loving eyes"
    },
    {
      "weight": 0.92,
      "term": "natural loving eyes"
    },
    {
      "weight": 1.0,
      "term": "genuine loving eyes"
    },
    {
      "weight": 1.0,
      "term": "beautiful loving eyes"
    },
    {
      "weight": 0.9,
      "term": "captivating loving eyes"
    },
    {
      "weight": 0.81,
      "term": "sad eyes"
    },
    {
      "weight": 1.15,
      "term": "(sad eyes:1.1)"
    },
    {
      "weight": 0.95,
      "term": "with sad eyes"
    },
    {
      "weight": 1.17,
      "term": "showing sad eyes"
    },
    {
      "weight": 1.06,
      "term": "expressing sad eyes"
    },
    {
      "weight": 0.89,
      "term": "displaying sad eyes"
    },
    {
      "weight": 0.92,
      "term": "radiating sad eyes"
    },
    {
      "weight": 0.96,
      "term": "exuding sad eyes"
    },
    {
      "weight": 0.98,
      "term": "natural sad eyes"
    },
    {
      "weight": 1.14,
      "term": "genuine sad eyes"
    },
    {
      "weight": 1.04,
      "term": "beautiful sad eyes"
    },
    {
      "weight": 1.15,
      "term": "captivating sad eyes"
    },
    {
      "weight": 1.01,
      "term": "happy eyes"
    },
    {
      "weight": 1.15,
      "term": "(happy eyes:1.1)"
    },
    {
      "weight": 1.08,
      "term": "with happy eyes"
    },
    {
      "weight": 1.12,
      "term": "showing happy eyes"
    },
    {
      "weight": 1.11,
      "term": "expressing happy eyes"
    },
    {
      "weight": 1.08,
      "term": "displaying happy eyes"
    },
    {
      "weight": 1.0,
      "term": "radiating happy eyes"
    },
    {
      "weight": 1.07,
      "term": "exuding happy eyes"
    },
    {
      "weight": 1.19,
      "term": "natural happy eyes"
    },
    {
      "weight": 1.02,
      "term": "genuine happy eyes"
    },
    {
      "weight": 1.16,
      "term": "beautiful happy eyes"
    },
    {
      "weight": 1.02,
      "term": "captivating happy eyes"
    },
    {
      "weight": 1.18,
      "term": "mysterious eyes"
    },
    {
      "weight": 0.99,
      "term": "(mysterious eyes:1.1)"
    },
    {
      "weight": 0.98,
      "term": "with mysterious eyes"
    },
    {
      "weight": 1.02,
      "term": "showing mysterious eyes"
    },
    {
      "weight": 1.0,
      "term": "expressing mysterious eyes"
    },
    {
      "weight": 1.07,
      "term": "displaying mysterious eyes"
    },
    {
      "weight": 1.03,
      "term": "radiating mysterious eyes"
    },
    {
      "weight": 0.98,
      "term": "exuding mysterious eyes"
    },
    {
      "weight": 0.87,
      "term": "natural mysterious eyes"
    },
    {
      "weight": 0.8,
      "term": "genuine mysterious eyes"
    },
    {
      "weight": 0.89,
      "term": "beautiful mysterious eyes"
    },
    {
      "weight": 0.89,
      "term": "captivating mysterious eyes"
    },
    {
      "weight": 0.87,
      "term": "seductive eyes"
    },
    {
      "weight": 0.87,
      "term": "(seductive eyes:1.1)"
    },
    {
      "weight": 0.98,
      "term": "with seductive eyes"
    },
    {
      "weight": 1.19,
      "term": "showing seductive eyes"
    },
    {
      "weight": 1.04,
      "term": "expressing seductive eyes"
    },
    {
      "weight": 1.14,
      "term": "displaying seductive eyes"
    },
    {
      "weight": 1.11,
      "term": "radiating seductive eyes"
    },
    {
      "weight": 1.1,
      "term": "exuding seductive eyes"
    },
    {
      "weight": 0.8,
      "term": "natural seductive eyes"
    },
    {
      "weight": 1.14,
      "term": "genuine seductive eyes"
    },
    {
      "weight": 0.92,
      "term": "beautiful seductive eyes"
    },
    {
      "weight": 0.85,
      "term": "captivating seductive eyes"
    },
    {
      "weight": 0.93,
      "term": "innocent eyes"
    },
    {
      "weight": 0.96,
      "term": "(innocent eyes:1.1)"
    },
    {
      "weight": 0.89,
      "term": "with innocent eyes"
    },
    {
      "weight": 0.85,
      "term": "showing innocent eyes"
    },
    {
      "weight": 1.19,
      "term": "expressing innocent eyes"
    },
    {
      "weight": 1.01,
      "term": "displaying innocent eyes"
    },
    {
      "weight": 1.03,
      "term": "radiating innocent eyes"
    },
    {
      "weight": 1.13,
      "term": "exuding innocent eyes"
    },
    {
      "weight": 1.13,
      "term": "natural innocent eyes"
    },
    {
      "weight": 1.07,
      "term": "genuine innocent eyes"
    },
    {
      "weight": 1.16,
      "term": "beautiful innocent eyes"
    },
    {
      "weight": 1.15,
      "term": "captivating innocent eyes"
    },
    {
      "weight": 0.87,
      "term": "gentle smile"
    },
    {
      "weight": 0.93,
      "term": "(gentle smile:1.1)"
    },
    {
      "weight": 0.86,
      "term": "with gentle smile"
    },
    {
      "weight": 1.0,
      "term": "showing gentle smile"
    },
    {
      "weight": 0.88,
      "term": "expressing gentle smile"
    },
    {
      "weight": 1.19,
      "term": "displaying gentle smile"
    },
    {
      "weight": 0.98,
      "term": "radiating gentle smile"
    },
    {
      "weight": 1.19,
      "term": "exuding gentle smile"
    },
    {
      "weight": 1.05,
      "term": "natural gentle smile"
    },
    {
      "weight": 1.03,
      "term": "genuine gentle smile"
    },
    {
      "weight": 0.92,
      "term": "beautiful gentle smile"
    },
    {
      "weight": 0.9,
      "term": "captivating gentle smile"
    },
    {
      "weight": 1.06,
      "term": "bright smile"
    },
    {
      "weight": 1.11,
      "term": "(bright smile:1.1)"
    },
    {
      "weight": 0.96,
      "term": "with bright smile"
    },
    {
      "weight": 0.96,
      "term": "showing bright smile"
    },
    {
      "weight": 0.92,
      "term": "expressing bright smile"
    },
    {
      "weight": 0.86,
      "term": "displaying bright smile"
    },
    {
      "weight": 0.93,
      "term": "radiating bright smile"
    },
    {
      "weight": 1.16,
      "term": "exuding bright smile"
    },
    {
      "weight": 1.13,
      "term": "natural bright smile"
    },
    {
      "weight": 0.89,
      "term": "genuine bright smile"
    },
    {
      "weight": 1.17,
      "term": "beautiful bright smile"
    },
    {
      "weight": 1.04,
      "term": "captivating bright smile"
    },
    {
      "weight": 0.95,
      "term": "wide smile"
    },
    {
      "weight": 0.98,
      "term": "(wide smile:1.1)"
    },
    {
      "weight": 0.88,
      "term": "with wide smile"
    },
    {
      "weight": 0.83,
      "term": "showing wide smile"
    },
    {
      "weight": 0.83,
      "term": "expressing wide smile"
    },
    {
      "weight": 1.01,
      "term": "displaying wide smile"
    },
    {
      "weight": 0.93,
      "term": "radiating wide smile"
    },
    {
      "weight": 0.98,
      "term": "exuding wide smile"
    },
    {
      "weight": 0.81,
      "term": "natural wide smile"
    },
    {
      "weight": 1.13,
      "term": "genuine wide smile"
    },
    {
      "weight": 1.16,
      "term": "beautiful wide smile"
    },
    {
      "weight": 0.82,
      "term": "captivating wide smile"
    },
    {
      "weight": 1.16,
      "term": "shy smile"
    },
    {
      "weight": 1.01,
      "term": "(shy smile:1.1)"
    },
    {
      "weight": 0.95,
      "term": "with shy smile"
    },
    {
      "weight": 1.07,
      "term": "showing shy smile"
    },
    {
      "weight": 0.96,
      "term": "expressing shy smile"
    },
    {
      "weight": 1.18,
      "term": "displaying shy smile"
    },
    {
      "weight": 0.94,
      "term": "radiating shy smile"
    },
    {
      "weight": 1.01,
      "term": "exuding shy smile"
    },
    {
      "weight": 1.06,
      "term": "natural shy smile"
    },
    {
      "weight": 0.92,
      "term": "genuine shy smile"
    },
    {
      "weight": 0.9,
      "term": "beautiful shy smile"
    },
    {
      "weight": 1.1,
      "term": "captivating shy smile"
    },
    {
      "weight": 0.91,
      "term": "crooked smile"
    },
    {
      "weight": 0.81,
      "term": "(crooked smile:1.1)"
    },
    {
      "weight": 0.93,
      "term": "with crooked smile"
    },
    {
      "weight": 1.02,
      "term": "showing crooked smile"
    },
    {
      "weight": 1.07,
      "term": "expressing crooked smile"
    },
    {
      "weight": 0.95,
      "term": "displaying crooked smile"
    },
    {
      "weight": 1.2,
      "term": "radiating crooked smile"
    },
    {
      "weight": 0.84,
      "term": "exuding crooked smile"
    },
    {
      "weight": 1.18,
      "term": "natural crooked smile"
    },
    {
      "weight": 1.08,
      "term": "genuine crooked smile"
    },
    {
      "weight": 1.0,
      "term": "beautiful crooked smile"
    },
    {
      "weight": 0.82,
      "term": "captivating crooked smile"
    },
    {
      "weight": 0.83,
      "term": "mysterious smile"
    },
    {
      "weight": 0.82,
      "term": "(mysterious smile:1.1)"
    },
    {
      "weight": 0.94,
      "term": "with mysterious smile"
    },
    {
      "weight": 0.86,
      "term": "showing mysterious smile"
    },
    {
      "weight": 1.18,
      "term": "expressing mysterious smile"
    },
    {
      "weight": 0.93,
      "term": "displaying mysterious smile"
    },
    {
      "weight": 0.97,
      "term": "radiating mysterious smile"
    },
    {
      "weight": 1.14,
      "term": "exuding mysterious smile"
    },
    {
      "weight": 1.08,
      "term": "natural mysterious smile"
    },
    {
      "weight": 0.93,
      "term": "genuine mysterious smile"
    },
    {
      "weight": 0.93,
      "term": "beautiful mysterious smile"
    },
    {
      "weight": 0.94,
      "term": "captivating mysterious smile"
    },
    {
      "weight": 1.05,
      "term": "seductive smile"
    },
    {
      "weight": 1.08,
      "term": "(seductive smile:1.1)"
    },
    {
      "weight": 1.17,
      "term": "with seductive smile"
    },
    {
      "weight": 1.06,
      "term": "showing seductive smile"
    },
    {
      "weight": 1.12,
      "term": "expressing seductive smile"
    },
    {
      "weight": 0.88,
      "term": "displaying seductive smile"
    },
    {
      "weight": 1.02,
      "term": "radiating seductive smile"
    },
    {
      "weight": 1.14,
      "term": "exuding seductive smile"
    },
    {
      "weight": 1.1,
      "term": "natural seductive smile"
    },
    {
      "weight": 0.9,
      "term": "genuine seductive smile"
    },
    {
      "weight": 0.88,
      "term": "beautiful seductive smile"
    },
    {
      "weight": 0.85,
      "term": "captivating seductive smile"
    },
    {
      "weight": 0.82,
      "term": "innocent smile"
    },
    {
      "weight": 1.08,
      "term": "(innocent smile:1.1)"
    },
    {
      "weight": 0.95,
      "term": "with innocent smile"
    },
    {
      "weight": 1.2,
      "term": "showing innocent smile"
    },
    {
      "weight": 0.98,
      "term": "expressing innocent smile"
    },
    {
      "weight": 0.95,
      "term": "displaying innocent smile"
    },
    {
      "weight": 0.95,
      "term": "radiating innocent smile"
    },
    {
      "weight": 1.1,
      "term": "exuding innocent smile"
    },
    {
      "weight": 0.87,
      "term": "natural innocent smile"
    },
    {
      "weight": 0.96,
      "term": "genuine innocent smile"
    },
    {
      "weight": 1.1,
      "term": "beautiful innocent smile"
    },
    {
      "weight": 1.11,
      "term": "captivating innocent smile"
    },
    {
      "weight": 1.05,
      "term": "playful smile"
    },
    {
      "weight": 1.09,
      "term": "(playful smile:1.1)"
    },
    {
      "weight": 0.94,
      "term": "with playful smile"
    },
    {
      "weight": 1.05,
      "term": "showing playful smile"
    },
    {
      "weight": 0.87,
      "term": "expressing playful smile"
    },
    {
      "weight": 1.14,
      "term": "displaying playful smile"
    },
    {
      "weight": 1.11,
      "term": "radiating playful smile"
    },
    {
      "weight": 1.11,
      "term": "exuding playful smile"
    },
    {
      "weight": 1.03,
      "term": "natural playful smile"
    },
    {
      "weight": 0.9,
      "term": "genuine playful smile"
    },
    {
      "weight": 1.17,
      "term": "beautiful playful smile"
    },
    {
      "weight": 0.91,
      "term": "captivating playful smile"
    },
    {
      "weight": 0.97,
      "term": "warm smile"
    },
    {
      "weight": 1.06,
      "term": "(warm smile:1.1)"
    },
    {
      "weight": 1.1,
      "term": "with warm smile"
    },
    {
      "weight": 1.1,
      "term": "showing warm smile"
    },
    {
      "weight": 1.01,
      "term": "expressing warm smile"
    },
    {
      "weight": 0.83,
      "term": "displaying warm smile"
    },
    {
      "weight": 1.05,
      "term": "radiating warm smile"
    },
    {
      "weight": 1.19,
      "term": "exuding warm smile"
    },
    {
      "weight": 0.92,
      "term": "natural warm smile"
    },
    {
      "weight": 1.17,
      "term": "genuine warm smile"
    },
    {
      "weight": 1.09,
      "term": "beautiful warm smile"
    },
    {
      "weight": 0.89,
      "term": "captivating warm smile"
    },
    {
      "weight": 1.18,
      "term": "cold smile"
    },
    {
      "weight": 1.16,
      "term": "(cold smile:1.1)"
    },
    {
      "weight": 0.83,
      "term": "with cold smile"
    },
    {
      "weight": 0.95,
      "term": "showing cold smile"
    },
    {
      "weight": 0.94,
      "term": "expressing cold smile"
    },
    {
      "weight": 1.2,
      "term": "displaying cold smile"
    },
    {
      "weight": 0.86,
      "term": "radiating cold smile"
    },
    {
      "weight": 0.95,
      "term": "exuding cold smile"
    },
    {
      "weight": 0.87,
      "term": "natural cold smile"
    },
    {
      "weight": 1.13,
      "term": "genuine cold smile"
    },
    {
      "weight": 1.15,
      "term": "beautiful cold smile"
    },
    {
      "weight": 0.94,
      "term": "captivating cold smile"
    },
    {
      "weight": 0.99,
      "term": "fake smile"
    },
    {
      "weight": 1.17,
      "term": "(fake smile:1.1)"
    },
    {
      "weight": 1.18,
      "term": "with fake smile"
    },
    {
      "weight": 0.81,
      "term": "showing fake smile"
    },
    {
      "weight": 1.11,
      "term": "expressing fake smile"
    },
    {
      "weight": 0.86,
      "term": "displaying fake smile"
    },
    {
      "weight": 1.12,
      "term": "radiating fake smile"
    },
    {
      "weight": 1.11,
      "term": "exuding fake smile"
    },
    {
      "weight": 0.91,
      "term": "natural fake smile"
    },
    {
      "weight": 1.0,
      "term": "genuine fake smile"
    },
    {
      "weight": 1.13,
      "term": "beautiful fake smile"
    },
    {
      "weight": 1.2,
      "term": "captivating fake smile"
    },
    {
      "weight": 0.84,
      "term": "genuine smile"
    },
    {
      "weight": 1.15,
      "term": "(genuine smile:1.1)"
    },
    {
      "weight": 0.93,
      "term": "with genuine smile"
    },
    {
      "weight": 0.93,
      "term": "showing genuine smile"
    },
    {
      "weight": 0.99,
      "term": "expressing genuine smile"
    },
    {
      "weight": 1.11,
      "term": "displaying genuine smile"
    },
    {
      "weight": 0.9,
      "term": "radiating genuine smile"
    },
    {
      "weight": 1.06,
      "term": "exuding genuine smile"
    },
    {
      "weight": 0.96,
      "term": "natural genuine smile"
    },
    {
      "weight": 1.15,
      "term": "genuine genuine smile"
    },
    {
      "weight": 0.97,
      "term": "beautiful genuine smile"
    },
    {
      "weight": 0.99,
      "term": "captivating genuine smile"
    },
    {
      "weight": 0.9,
      "term": "radiant smile"
    },
    {
      "weight": 1.01,
      "term": "(radiant smile:1.1)"
    },
    {
      "weight": 1.19,
      "term": "with radiant smile"
    },
    {
      "weight": 0.99,
      "term": "showing radiant smile"
    },
    {
      "weight": 1.05,
      "term": "expressing radiant smile"
    },
    {
      "weight": 0.85,
      "term": "displaying radiant smile"
    },
    {
      "weight": 0.9,
      "term": "radiating radiant smile"
    },
    {
      "weight": 0.94,
      "term": "exuding radiant smile"
    },
    {
      "weight": 0.98,
      "term": "natural radiant smile"
    },
    {
      "weight": 1.09,
      "term": "genuine radiant smile"
    },
    {
      "weight": 1.17,
      "term": "beautiful radiant smile"
    },
    {
      "weight": 0.85,
      "term": "captivating radiant smile"
    },
    {
      "weight": 1.09,
      "term": "subtle smile"
    },
    {
      "weight": 0.88,
      "term": "(subtle smile:1.1)"
    },
    {
      "weight": 1.19,
      "term": "with subtle smile"
    },
    {
      "weight": 0.8,
      "term": "showing subtle smile"
    },
    {
      "weight": 1.03,
      "term": "expressing subtle smile"
    },
    {
      "weight": 1.15,
      "term": "displaying subtle smile"
    },
    {
      "weight": 1.09,
      "term": "radiating subtle smile"
    },
    {
      "weight": 1.18,
      "term": "exuding subtle smile"
    },
    {
      "weight": 0.98,
      "term": "natural subtle smile"
    },
    {
      "weight": 0.85,
      "term": "genuine subtle smile"
    },
    {
      "weight": 1.13,
      "term": "beautiful subtle smile"
    },
    {
      "weight": 1.11,
      "term": "captivating subtle smile"
    },
    {
      "weight": 0.94,
      "term": "broad smile"
    },
    {
      "weight": 0.93,
      "term": "(broad smile:1.1)"
    },
    {
      "weight": 1.16,
      "term": "with broad smile"
    },
    {
      "weight": 1.1,
      "term": "showing broad smile"
    },
    {
      "weight": 1.0,
      "term": "expressing broad smile"
    },
    {
      "weight": 1.09,
      "term": "displaying broad smile"
    },
    {
      "weight": 0.95,
      "term": "radiating broad smile"
    },
    {
      "weight": 1.15,
      "term": "exuding broad smile"
    },
    {
      "weight": 0.85,
      "term": "natural broad smile"
    },
    {
      "weight": 1.07,
      "term": "genuine broad smile"
    },
    {
      "weight": 0.95,
      "term": "beautiful broad smile"
    },
    {
      "weight": 0.85,
      "term": "captivating broad smile"
    },
    {
      "weight": 1.19,
      "term": "tight smile"
    },
    {
      "weight": 1.14,
      "term": "(tight smile:1.1)"
    },
    {
      "weight": 0.8,
      "term": "with tight smile"
    },
    {
      "weight": 1.19,
      "term": "showing tight smile"
    },
    {
      "weight": 0.81,
      "term": "expressing tight smile"
    },
    {
      "weight": 0.92,
      "term": "displaying tight smile"
    },
    {
      "weight": 0.85,
      "term": "radiating tight smile"
    },
    {
      "weight": 1.07,
      "term": "exuding tight smile"
    },
    {
      "weight": 0.95,
      "term": "natural tight smile"
    },
    {
      "weight": 0.83,
      "term": "genuine tight smile"
    },
    {
      "weight": 0.91,
      "term": "beautiful tight smile"
    },
    {
      "weight": 0.97,
      "term": "captivating tight smile"
    },
    {
      "weight": 1.09,
      "term": "nervous smile"
    },
    {
      "weight": 1.11,
      "term": "(nervous smile:1.1)"
    },
    {
      "weight": 0.86,
      "term": "with nervous smile"
    },
    {
      "weight": 0.92,
      "term": "showing nervous smile"
    },
    {
      "weight": 1.01,
      "term": "expressing nervous smile"
    },
    {
      "weight": 1.19,
      "term": "displaying nervous smile"
    },
    {
      "weight": 1.03,
      "term": "radiating nervous smile"
    },
    {
      "weight": 0.94,
      "term": "exuding nervous smile"
    },
    {
      "weight": 0.97,
      "term": "natural nervous smile"
    },
    {
      "weight": 1.0,
      "term": "genuine nervous smile"
    },
    {
      "weight": 1.05,
      "term": "beautiful nervous smile"
    },
    {
      "weight": 1.18,
      "term": "captivating nervous smile"
    },
    {
      "weight": 1.17,
      "term": "confident smile"
    },
    {
      "weight": 0.89,
      "term": "(confident smile:1.1)"
    },
    {
      "weight": 1.1,
      "term": "with confident smile"
    },
    {
      "weight": 0.87,
      "term": "showing confident smile"
    },
    {
      "weight": 1.05,
      "term": "expressing confident smile"
    },
    {
      "weight": 1.05,
      "term": "displaying confident smile"
    },
    {
      "weight": 0.89,
      "term": "radiating confident smile"
    },
    {
      "weight": 0.95,
      "term": "exuding confident smile"
    },
    {
      "weight": 0.96,
      "term": "natural confident smile"
    },
    {
      "weight": 1.12,
      "term": "genuine confident smile"
    },
    {
      "weight": 1.01,
      "term": "beautiful confident smile"
    },
    {
      "weight": 0.91,
      "term": "captivating confident smile"
    },
    {
      "weight": 1.13,
      "term": "serene expression"
    },
    {
      "weight": 1.01,
      "term": "(serene expression:1.1)"
    },
    {
      "weight": 0.86,
      "term": "with serene expression"
    },
    {
      "weight": 0.9,
      "term": "showing serene expression"
    },
    {
      "weight": 1.08,
      "term": "expressing serene expression"
    },
    {
      "weight": 1.06,
      "term": "displaying serene expression"
    },
    {
      "weight": 1.06,
      "term": "radiating serene expression"
    },
    {
      "weight": 1.2,
      "term": "exuding serene expression"
    },
    {
      "weight": 1.13,
      "term": "natural serene expression"
    },
    {
      "weight": 1.13,
      "term": "genuine serene expression"
    },
    {
      "weight": 0.95,
      "term": "beautiful serene expression"
    },
    {
      "weight": 1.05,
      "term": "captivating serene expression"
    },
    {
      "weight": 1.1,
      "term": "peaceful expression"
    },
    {
      "weight": 0.84,
      "term": "(peaceful expression:1.1)"
    },
    {
      "weight": 0.95,
      "term": "with peaceful expression"
    },
    {
      "weight": 0.99,
      "term": "showing peaceful expression"
    },
    {
      "weight": 1.0,
      "term": "expressing peaceful expression"
    },
    {
      "weight": 0.89,
      "term": "displaying peaceful expression"
    },
    {
      "weight": 1.04,
      "term": "radiating peaceful expression"
    },
    {
      "weight": 1.02,
      "term": "exuding peaceful expression"
    },
    {
      "weight": 0.94,
      "term": "natural peaceful expression"
    },
    {
      "weight": 0.99,
      "term": "genuine peaceful expression"
    },
    {
      "weight": 0.95,
      "term": "beautiful peaceful expression"
    },
    {
      "weight": 0.96,
      "term": "captivating peaceful expression"
    },
    {
      "weight": 1.01,
      "term": "calm expression"
    },
    {
      "weight": 1.02,
      "term": "(calm expression:1.1)"
    },
    {
      "weight": 1.15,
      "term": "with calm expression"
    },
    {
      "weight": 0.82,
      "term": "showing calm expression"
    },
    {
      "weight": 0.81,
      "term": "expressing calm expression"
    },
    {
      "weight": 0.89,
      "term": "displaying calm expression"
    },
    {
      "weight": 1.05,
      "term": "radiating calm expression"
    },
    {
      "weight": 1.07,
      "term": "exuding calm expression"
    },
    {
      "weight": 0.99,
      "term": "natural calm expression"
    },
    {
      "weight": 0.86,
      "term": "genuine calm expression"
    },
    {
      "weight": 0.86,
      "term": "beautiful calm expression"
    },
    {
      "weight": 1.06,
      "term": "captivating calm expression"
    },
    {
      "weight": 1.0,
      "term": "relaxed expression"
    },
    {
      "weight": 0.9,
      "term": "(relaxed expression:1.1)"
    },
    {
      "weight": 0.93,
      "term": "with relaxed expression"
    },
    {
      "weight": 0.84,
      "term": "showing relaxed expression"
    },
    {
      "weight": 1.16,
      "term": "expressing relaxed expression"
    },
    {
      "weight": 1.12,
      "term": "displaying relaxed expression"
    },
    {
      "weight": 0.86,
      "term": "radiating relaxed expression"
    },
    {
      "weight": 1.05,
      "term": "exuding relaxed expression"
    },
    {
      "weight": 1.19,
      "term": "natural relaxed expression"
    },
    {
      "weight": 1.11,
      "term": "genuine relaxed expression"
    },
    {
      "weight": 1.17,
      "term": "beautiful relaxed expression"
    },
    {
      "weight": 1.08,
      "term": "captivating relaxed expression"
    },
    {
      "weight": 0.83,
      "term": "tense expression"
    },
    {
      "weight": 1.11,
      "term": "(tense expression:1.1)"
    },
    {
      "weight": 1.06,
      "term": "with tense expression"
    },
    {
      "weight": 1.14,
      "term": "showing tense expression"
    },
    {
      "weight": 0.92,
      "term": "expressing tense expression"
    },
    {
      "weight": 0.93,
      "term": "displaying tense expression"
    },
    {
      "weight": 1.04,
      "term": "radiating tense expression"
    },
    {
      "weight": 1.17,
      "term": "exuding tense expression"
    },
    {
      "weight": 1.18,
      "term": "natural tense expression"
    },
    {
      "weight": 1.17,
      "term": "genuine tense expression"
    },
    {
      "weight": 0.84,
      "term": "beautiful tense expression"
    },
    {
      "weight": 0.91,
      "term": "captivating tense expression"
    },
    {
      "weight": 0.99,
      "term": "worried expression"
    },
    {
      "weight": 1.02,
      "term": "(worried expression:1.1)"
    },
    {
      "weight": 1.07,
      "term": "with worried expression"
    },
    {
      "weight": 0.92,
      "term": "showing worried expression"
    },
    {
      "weight": 0.91,
      "term": "expressing worried expression"
    },
    {
      "weight": 1.04,
      "term": "displaying worried expression"
    },
    {
      "weight": 1.19,
      "term": "radiating worried expression"
    },
    {
      "weight": 0.83,
      "term": "exuding worried expression"
    },
    {
      "weight": 1.17,
      "term": "natural worried expression"
    },
    {
      "weight": 1.19,
      "term": "genuine worried expression"
    },
    {
      "weight": 0.88,
      "term": "beautiful worried expression"
    },
    {
      "weight": 0.94,
      "term": "captivating worried expression"
    },
    {
      "weight": 1.05,
      "term": "focused expression"
    },
    {
      "weight": 0.99,
      "term": "(focused expression:1.1)"
    },
    {
      "weight": 0.89,
      "term": "with focused expression"
    },
    {
      "weight": 1.08,
      "term": "showing focused expression"
    },
    {
      "weight": 1.12,
      "term": "expressing focused expression"
    },
    {
      "weight": 1.05,
      "term": "displaying focused expression"
    },
    {
      "weight": 0.84,
      "term": "radiating focused expression"
    },
    {
      "weight": 0.87,
      "term": "exuding focused expression"
    },
    {
      "weight": 1.05,
      "term": "natural focused expression"
    },
    {
      "weight": 0.87,
      "term": "genuine focused expression"
    },
    {
      "weight": 0.88,
      "term": "beautiful focused expression"
    },
    {
      "weight": 1.19,
      "term": "captivating focused expression"
    },
    {
      "weight": 0.97,
      "term": "distant expression"
    },
    {
      "weight": 0.89,
      "term": "(distant expression:1.1)"
    },
    {
      "weight": 0.9,
      "term": "with distant expression"
    },
    {
      "weight": 0.96,
      "term": "showing distant expression"
    },
    {
      "weight": 1.17,
      "term": "expressing distant expression"
    },
    {
      "weight": 0.93,
      "term": "displaying distant expression"
    },
    {
      "weight": 1.11,
      "term": "radiating distant expression"
    },
    {
      "weight": 0.98,
      "term": "exuding distant expression"
    },
    {
      "weight": 1.17,
      "term": "natural distant expression"
    },
    {
      "weight": 0.81,
      "term": "genuine distant expression"
    },
    {
      "weight": 1.06,
      "term": "beautiful distant expression"
    },
    {
      "weight": 0.95,
      "term": "captivating distant expression"
    },
    {
      "weight": 0.84,
      "term": "dreamy expression"
    },
    {
      "weight": 0.84,
      "term": "(dreamy expression:1.1)"
    },
    {
      "weight": 1.04,
      "term": "with dreamy expression"
    },
    {
      "weight": 1.12,
      "term": "showing dreamy expression"
    },
    {
      "weight": 0.92,
      "term": "expressing dreamy expression"
    },
    {
      "weight": 1.04,
      "term": "displaying dreamy expression"
    },
    {
      "weight": 0.82,
      "term": "radiating dreamy expression"
    },
    {
      "weight": 0.86,
      "term": "exuding dreamy expression"
    },
    {
      "weight": 0.97,
      "term": "natural dreamy expression"
    },
    {
      "weight": 0.8,
      "term": "genuine dreamy expression"
    },
    {
      "weight": 0.98,
      "term": "beautiful dreamy expression"
    },
    {
      "weight": 1.07,
      "term": "captivating dreamy expression"
    },
    {
      "weight": 0.8,
      "term": "thoughtful expression"
    },
    {
      "weight": 1.05,
      "term": "(thoughtful expression:1.1)"
    },
    {
      "weight": 0.92,
      "term": "with thoughtful expression"
    },
    {
      "weight": 1.03,
      "term": "showing thoughtful expression"
    },
    {
      "weight": 1.16,
      "term": "expressing thoughtful expression"
    },
    {
      "weight": 1.09,
      "term": "displaying thoughtful expression"
    },
    {
      "weight": 0.98,
      "term": "radiating thoughtful expression"
    },
    {
      "weight": 1.2,
      "term": "exuding thoughtful expression"
    },
    {
      "weight": 0.99,
      "term": "natural thoughtful expression"
    },
    {
      "weight": 1.1,
      "term": "genuine thoughtful expression"
    },
    {
      "weight": 1.2,
      "term": "beautiful thoughtful expression"
    },
    {
      "weight": 1.05,
      "term": "captivating thoughtful expression"
    },
    {
      "weight": 0.88,
      "term": "contemplative expression"
    },
    {
      "weight": 0.89,
      "term": "(contemplative expression:1.1)"
    },
    {
      "weight": 1.04,
      "term": "with contemplative expression"
    },
    {
      "weight": 0.94,
      "term": "showing contemplative expression"
    },
    {
      "weight": 1.05,
      "term": "expressing contemplative expression"
    },
    {
      "weight": 0.81,
      "term": "displaying contemplative expression"
    },
    {
      "weight": 1.11,
      "term": "radiating contemplative expression"
    },
    {
      "weight": 1.07,
      "term": "exuding contemplative expression"
    },
    {
      "weight": 0.9,
      "term": "natural contemplative expression"
    },
    {
      "weight": 0.87,
      "term": "genuine contemplative expression"
    },
    {
      "weight": 0.98,
      "term": "beautiful contemplative expression"
    },
    {
      "weight": 0.95,
      "term": "captivating contemplative expression"
    },
    {
      "weight": 0.95,
      "term": "pensive expression"
    },
    {
      "weight": 1.04,
      "term": "(pensive expression:1.1)"
    },
    {
      "weight": 0.86,
      "term": "with pensive expression"
    },
    {
      "weight": 0.95,
      "term": "showing pensive expression"
    },
    {
      "weight": 1.2,
      "term": "expressing pensive expression"
    },
    {
      "weight": 1.14,
      "term": "displaying pensive expression"
    },
    {
      "weight": 1.13,
      "term": "radiating pensive expression"
    },
    {
      "weight": 1.09,
      "term": "exuding pensive expression"
    },
    {
      "weight": 0.84,
      "term": "natural pensive expression"
    },
    {
      "weight": 1.07,
      "term": "genuine pensive expression"
    },
    {
      "weight": 0.85,
      "term": "beautiful pensive expression"
    },
    {
      "weight": 0.97,
      "term": "captivating pensive expression"
    },
    {
      "weight": 1.08,
      "term": "reflective expression"
    },
    {
      "weight": 1.02,
      "term": "(reflective expression:1.1)"
    },
    {
      "weight": 1.07,
      "term": "with reflective expression"
    },
    {
      "weight": 0.9,
      "term": "showing reflective expression"
    },
    {
      "weight": 0.97,
      "term": "expressing reflective expression"
    },
    {
      "weight": 0.95,
      "term": "displaying reflective expression"
    },
    {
      "weight": 1.0,
      "term": "radiating reflective expression"
    },
    {
      "weight": 0.88,
      "term": "exuding reflective expression"
    },
    {
      "weight": 0.91,
      "term": "natural reflective expression"
    },
    {
      "weight": 0.84,
      "term": "genuine reflective expression"
    },
    {
      "weight": 1.06,
      "term": "beautiful reflective expression"
    },
    {
      "weight": 0.85,
      "term": "captivating reflective expression"
    },
    {
      "weight": 0.89,
      "term": "introspective expression"
    },
    {
      "weight": 0.82,
      "term": "(introspective expression:1.1)"
    },
    {
      "weight": 0.91,
      "term": "with introspective expression"
    },
    {
      "weight": 0.8,
      "term": "showing introspective expression"
    },
    {
      "weight": 1.05,
      "term": "expressing introspective expression"
    },
    {
      "weight": 1.04,
      "term": "displaying introspective expression"
    },
    {
      "weight": 1.15,
      "term": "radiating introspective expression"
    },
    {
      "weight": 0.89,
      "term": "exuding introspective expression"
    },
    {
      "weight": 1.02,
      "term": "natural introspective expression"
    },
    {
      "weight": 1.12,
      "term": "genuine introspective expression"
    },
    {
      "weight": 0.81,
      "term": "beautiful introspective expression"
    },
    {
      "weight": 0.84,
      "term": "captivating introspective expression"
    }
  ]
}