{
  "name": "Makeup",
  "description": "妆容词库 - 描述面部的妆容细节，从自然到夸张，影响角色的外观和风格",
  "category": "makeup",
  "total_entries": 1260,
  "entries": [
    {
      "weight": 1.19,
      "term": "natural makeup"
    },
    {
      "weight": 1.19,
      "term": "(natural makeup:1.1)"
    },
    {
      "weight": 0.81,
      "term": "with natural makeup"
    },
    {
      "weight": 0.98,
      "term": "wearing natural makeup"
    },
    {
      "weight": 0.85,
      "term": "beautiful natural makeup"
    },
    {
      "weight": 1.04,
      "term": "perfect natural makeup"
    },
    {
      "weight": 0.95,
      "term": "flawless natural makeup"
    },
    {
      "weight": 0.91,
      "term": "professional natural makeup"
    },
    {
      "weight": 1.07,
      "term": "expertly applied natural makeup"
    },
    {
      "weight": 0.99,
      "term": "skillfully done natural makeup"
    },
    {
      "weight": 1.03,
      "term": "artistically applied natural makeup"
    },
    {
      "weight": 1.1,
      "term": "carefully crafted natural makeup"
    },
    {
      "weight": 0.8,
      "term": "minimal makeup"
    },
    {
      "weight": 1.1,
      "term": "(minimal makeup:1.1)"
    },
    {
      "weight": 0.84,
      "term": "with minimal makeup"
    },
    {
      "weight": 1.0,
      "term": "wearing minimal makeup"
    },
    {
      "weight": 1.17,
      "term": "beautiful minimal makeup"
    },
    {
      "weight": 0.97,
      "term": "perfect minimal makeup"
    },
    {
      "weight": 0.87,
      "term": "flawless minimal makeup"
    },
    {
      "weight": 1.16,
      "term": "professional minimal makeup"
    },
    {
      "weight": 0.88,
      "term": "expertly applied minimal makeup"
    },
    {
      "weight": 0.88,
      "term": "skillfully done minimal makeup"
    },
    {
      "weight": 0.82,
      "term": "artistically applied minimal makeup"
    },
    {
      "weight": 1.12,
      "term": "carefully crafted minimal makeup"
    },
    {
      "weight": 0.81,
      "term": "no makeup"
    },
    {
      "weight": 0.87,
      "term": "(no makeup:1.1)"
    },
    {
      "weight": 0.91,
      "term": "with no makeup"
    },
    {
      "weight": 1.13,
      "term": "wearing no makeup"
    },
    {
      "weight": 1.07,
      "term": "beautiful no makeup"
    },
    {
      "weight": 1.17,
      "term": "perfect no makeup"
    },
    {
      "weight": 0.88,
      "term": "flawless no makeup"
    },
    {
      "weight": 1.0,
      "term": "professional no makeup"
    },
    {
      "weight": 1.08,
      "term": "expertly applied no makeup"
    },
    {
      "weight": 0.83,
      "term": "skillfully done no makeup"
    },
    {
      "weight": 0.96,
      "term": "artistically applied no makeup"
    },
    {
      "weight": 1.14,
      "term": "carefully crafted no makeup"
    },
    {
      "weight": 1.01,
      "term": "fresh-faced"
    },
    {
      "weight": 0.91,
      "term": "(fresh-faced:1.1)"
    },
    {
      "weight": 0.92,
      "term": "with fresh-faced"
    },
    {
      "weight": 0.92,
      "term": "wearing fresh-faced"
    },
    {
      "weight": 0.83,
      "term": "beautiful fresh-faced"
    },
    {
      "weight": 0.91,
      "term": "perfect fresh-faced"
    },
    {
      "weight": 0.83,
      "term": "flawless fresh-faced"
    },
    {
      "weight": 1.16,
      "term": "professional fresh-faced"
    },
    {
      "weight": 1.15,
      "term": "expertly applied fresh-faced"
    },
    {
      "weight": 0.94,
      "term": "skillfully done fresh-faced"
    },
    {
      "weight": 1.13,
      "term": "artistically applied fresh-faced"
    },
    {
      "weight": 1.02,
      "term": "carefully crafted fresh-faced"
    },
    {
      "weight": 0.83,
      "term": "glamorous makeup"
    },
    {
      "weight": 1.08,
      "term": "(glamorous makeup:1.1)"
    },
    {
      "weight": 1.04,
      "term": "with glamorous makeup"
    },
    {
      "weight": 1.15,
      "term": "wearing glamorous makeup"
    },
    {
      "weight": 0.99,
      "term": "beautiful glamorous makeup"
    },
    {
      "weight": 0.81,
      "term": "perfect glamorous makeup"
    },
    {
      "weight": 0.95,
      "term": "flawless glamorous makeup"
    },
    {
      "weight": 0.93,
      "term": "professional glamorous makeup"
    },
    {
      "weight": 0.93,
      "term": "expertly applied glamorous makeup"
    },
    {
      "weight": 1.08,
      "term": "skillfully done glamorous makeup"
    },
    {
      "weight": 1.15,
      "term": "artistically applied glamorous makeup"
    },
    {
      "weight": 1.07,
      "term": "carefully crafted glamorous makeup"
    },
    {
      "weight": 0.86,
      "term": "dramatic makeup"
    },
    {
      "weight": 1.0,
      "term": "(dramatic makeup:1.1)"
    },
    {
      "weight": 1.14,
      "term": "with dramatic makeup"
    },
    {
      "weight": 0.84,
      "term": "wearing dramatic makeup"
    },
    {
      "weight": 1.02,
      "term": "beautiful dramatic makeup"
    },
    {
      "weight": 1.13,
      "term": "perfect dramatic makeup"
    },
    {
      "weight": 0.86,
      "term": "flawless dramatic makeup"
    },
    {
      "weight": 1.13,
      "term": "professional dramatic makeup"
    },
    {
      "weight": 1.09,
      "term": "expertly applied dramatic makeup"
    },
    {
      "weight": 1.11,
      "term": "skillfully done dramatic makeup"
    },
    {
      "weight": 0.82,
      "term": "artistically applied dramatic makeup"
    },
    {
      "weight": 0.87,
      "term": "carefully crafted dramatic makeup"
    },
    {
      "weight": 1.08,
      "term": "bold makeup"
    },
    {
      "weight": 1.19,
      "term": "(bold makeup:1.1)"
    },
    {
      "weight": 0.85,
      "term": "with bold makeup"
    },
    {
      "weight": 0.98,
      "term": "wearing bold makeup"
    },
    {
      "weight": 1.05,
      "term": "beautiful bold makeup"
    },
    {
      "weight": 0.88,
      "term": "perfect bold makeup"
    },
    {
      "weight": 0.89,
      "term": "flawless bold makeup"
    },
    {
      "weight": 0.89,
      "term": "professional bold makeup"
    },
    {
      "weight": 0.9,
      "term": "expertly applied bold makeup"
    },
    {
      "weight": 0.89,
      "term": "skillfully done bold makeup"
    },
    {
      "weight": 1.13,
      "term": "artistically applied bold makeup"
    },
    {
      "weight": 1.18,
      "term": "carefully crafted bold makeup"
    },
    {
      "weight": 1.2,
      "term": "subtle makeup"
    },
    {
      "weight": 0.81,
      "term": "(subtle makeup:1.1)"
    },
    {
      "weight": 1.2,
      "term": "with subtle makeup"
    },
    {
      "weight": 0.82,
      "term": "wearing subtle makeup"
    },
    {
      "weight": 0.93,
      "term": "beautiful subtle makeup"
    },
    {
      "weight": 0.85,
      "term": "perfect subtle makeup"
    },
    {
      "weight": 0.94,
      "term": "flawless subtle makeup"
    },
    {
      "weight": 1.02,
      "term": "professional subtle makeup"
    },
    {
      "weight": 1.19,
      "term": "expertly applied subtle makeup"
    },
    {
      "weight": 1.0,
      "term": "skillfully done subtle makeup"
    },
    {
      "weight": 0.87,
      "term": "artistically applied subtle makeup"
    },
    {
      "weight": 0.98,
      "term": "carefully crafted subtle makeup"
    },
    {
      "weight": 1.13,
      "term": "classic makeup"
    },
    {
      "weight": 1.07,
      "term": "(classic makeup:1.1)"
    },
    {
      "weight": 0.85,
      "term": "with classic makeup"
    },
    {
      "weight": 0.81,
      "term": "wearing classic makeup"
    },
    {
      "weight": 1.05,
      "term": "beautiful classic makeup"
    },
    {
      "weight": 0.81,
      "term": "perfect classic makeup"
    },
    {
      "weight": 1.14,
      "term": "flawless classic makeup"
    },
    {
      "weight": 1.17,
      "term": "professional classic makeup"
    },
    {
      "weight": 0.98,
      "term": "expertly applied classic makeup"
    },
    {
      "weight": 0.98,
      "term": "skillfully done classic makeup"
    },
    {
      "weight": 0.92,
      "term": "artistically applied classic makeup"
    },
    {
      "weight": 0.89,
      "term": "carefully crafted classic makeup"
    },
    {
      "weight": 1.06,
      "term": "vintage makeup"
    },
    {
      "weight": 1.18,
      "term": "(vintage makeup:1.1)"
    },
    {
      "weight": 0.99,
      "term": "with vintage makeup"
    },
    {
      "weight": 1.12,
      "term": "wearing vintage makeup"
    },
    {
      "weight": 0.82,
      "term": "beautiful vintage makeup"
    },
    {
      "weight": 0.88,
      "term": "perfect vintage makeup"
    },
    {
      "weight": 0.95,
      "term": "flawless vintage makeup"
    },
    {
      "weight": 0.93,
      "term": "professional vintage makeup"
    },
    {
      "weight": 0.81,
      "term": "expertly applied vintage makeup"
    },
    {
      "weight": 1.1,
      "term": "skillfully done vintage makeup"
    },
    {
      "weight": 0.94,
      "term": "artistically applied vintage makeup"
    },
    {
      "weight": 0.94,
      "term": "carefully crafted vintage makeup"
    },
    {
      "weight": 1.17,
      "term": "retro makeup"
    },
    {
      "weight": 1.04,
      "term": "(retro makeup:1.1)"
    },
    {
      "weight": 0.81,
      "term": "with retro makeup"
    },
    {
      "weight": 0.88,
      "term": "wearing retro makeup"
    },
    {
      "weight": 1.05,
      "term": "beautiful retro makeup"
    },
    {
      "weight": 0.96,
      "term": "perfect retro makeup"
    },
    {
      "weight": 1.05,
      "term": "flawless retro makeup"
    },
    {
      "weight": 0.9,
      "term": "professional retro makeup"
    },
    {
      "weight": 1.13,
      "term": "expertly applied retro makeup"
    },
    {
      "weight": 1.08,
      "term": "skillfully done retro makeup"
    },
    {
      "weight": 0.99,
      "term": "artistically applied retro makeup"
    },
    {
      "weight": 0.96,
      "term": "carefully crafted retro makeup"
    },
    {
      "weight": 0.95,
      "term": "modern makeup"
    },
    {
      "weight": 0.97,
      "term": "(modern makeup:1.1)"
    },
    {
      "weight": 1.18,
      "term": "with modern makeup"
    },
    {
      "weight": 0.83,
      "term": "wearing modern makeup"
    },
    {
      "weight": 0.81,
      "term": "beautiful modern makeup"
    },
    {
      "weight": 1.04,
      "term": "perfect modern makeup"
    },
    {
      "weight": 0.87,
      "term": "flawless modern makeup"
    },
    {
      "weight": 1.18,
      "term": "professional modern makeup"
    },
    {
      "weight": 1.11,
      "term": "expertly applied modern makeup"
    },
    {
      "weight": 1.14,
      "term": "skillfully done modern makeup"
    },
    {
      "weight": 1.04,
      "term": "artistically applied modern makeup"
    },
    {
      "weight": 0.92,
      "term": "carefully crafted modern makeup"
    },
    {
      "weight": 1.05,
      "term": "editorial makeup"
    },
    {
      "weight": 0.82,
      "term": "(editorial makeup:1.1)"
    },
    {
      "weight": 1.05,
      "term": "with editorial makeup"
    },
    {
      "weight": 0.94,
      "term": "wearing editorial makeup"
    },
    {
      "weight": 1.0,
      "term": "beautiful editorial makeup"
    },
    {
      "weight": 1.02,
      "term": "perfect editorial makeup"
    },
    {
      "weight": 0.84,
      "term": "flawless editorial makeup"
    },
    {
      "weight": 1.17,
      "term": "professional editorial makeup"
    },
    {
      "weight": 0.97,
      "term": "expertly applied editorial makeup"
    },
    {
      "weight": 1.12,
      "term": "skillfully done editorial makeup"
    },
    {
      "weight": 0.88,
      "term": "artistically applied editorial makeup"
    },
    {
      "weight": 0.9,
      "term": "carefully crafted editorial makeup"
    },
    {
      "weight": 1.07,
      "term": "high fashion makeup"
    },
    {
      "weight": 0.93,
      "term": "(high fashion makeup:1.1)"
    },
    {
      "weight": 1.08,
      "term": "with high fashion makeup"
    },
    {
      "weight": 0.98,
      "term": "wearing high fashion makeup"
    },
    {
      "weight": 1.09,
      "term": "beautiful high fashion makeup"
    },
    {
      "weight": 0.81,
      "term": "perfect high fashion makeup"
    },
    {
      "weight": 1.02,
      "term": "flawless high fashion makeup"
    },
    {
      "weight": 1.04,
      "term": "professional high fashion makeup"
    },
    {
      "weight": 0.85,
      "term": "expertly applied high fashion makeup"
    },
    {
      "weight": 1.11,
      "term": "skillfully done high fashion makeup"
    },
    {
      "weight": 1.16,
      "term": "artistically applied high fashion makeup"
    },
    {
      "weight": 0.91,
      "term": "carefully crafted high fashion makeup"
    },
    {
      "weight": 0.87,
      "term": "runway makeup"
    },
    {
      "weight": 1.04,
      "term": "(runway makeup:1.1)"
    },
    {
      "weight": 1.1,
      "term": "with runway makeup"
    },
    {
      "weight": 0.94,
      "term": "wearing runway makeup"
    },
    {
      "weight": 0.93,
      "term": "beautiful runway makeup"
    },
    {
      "weight": 0.85,
      "term": "perfect runway makeup"
    },
    {
      "weight": 1.08,
      "term": "flawless runway makeup"
    },
    {
      "weight": 0.89,
      "term": "professional runway makeup"
    },
    {
      "weight": 0.9,
      "term": "expertly applied runway makeup"
    },
    {
      "weight": 0.96,
      "term": "skillfully done runway makeup"
    },
    {
      "weight": 1.07,
      "term": "artistically applied runway makeup"
    },
    {
      "weight": 0.94,
      "term": "carefully crafted runway makeup"
    },
    {
      "weight": 1.02,
      "term": "bridal makeup"
    },
    {
      "weight": 1.08,
      "term": "(bridal makeup:1.1)"
    },
    {
      "weight": 1.15,
      "term": "with bridal makeup"
    },
    {
      "weight": 1.02,
      "term": "wearing bridal makeup"
    },
    {
      "weight": 0.83,
      "term": "beautiful bridal makeup"
    },
    {
      "weight": 1.18,
      "term": "perfect bridal makeup"
    },
    {
      "weight": 0.87,
      "term": "flawless bridal makeup"
    },
    {
      "weight": 1.0,
      "term": "professional bridal makeup"
    },
    {
      "weight": 1.14,
      "term": "expertly applied bridal makeup"
    },
    {
      "weight": 0.99,
      "term": "skillfully done bridal makeup"
    },
    {
      "weight": 1.1,
      "term": "artistically applied bridal makeup"
    },
    {
      "weight": 0.9,
      "term": "carefully crafted bridal makeup"
    },
    {
      "weight": 1.01,
      "term": "evening makeup"
    },
    {
      "weight": 0.85,
      "term": "(evening makeup:1.1)"
    },
    {
      "weight": 0.92,
      "term": "with evening makeup"
    },
    {
      "weight": 1.1,
      "term": "wearing evening makeup"
    },
    {
      "weight": 1.06,
      "term": "beautiful evening makeup"
    },
    {
      "weight": 1.08,
      "term": "perfect evening makeup"
    },
    {
      "weight": 1.03,
      "term": "flawless evening makeup"
    },
    {
      "weight": 0.92,
      "term": "professional evening makeup"
    },
    {
      "weight": 1.04,
      "term": "expertly applied evening makeup"
    },
    {
      "weight": 0.86,
      "term": "skillfully done evening makeup"
    },
    {
      "weight": 1.03,
      "term": "artistically applied evening makeup"
    },
    {
      "weight": 1.07,
      "term": "carefully crafted evening makeup"
    },
    {
      "weight": 1.0,
      "term": "day makeup"
    },
    {
      "weight": 1.13,
      "term": "(day makeup:1.1)"
    },
    {
      "weight": 0.96,
      "term": "with day makeup"
    },
    {
      "weight": 1.15,
      "term": "wearing day makeup"
    },
    {
      "weight": 0.84,
      "term": "beautiful day makeup"
    },
    {
      "weight": 0.82,
      "term": "perfect day makeup"
    },
    {
      "weight": 0.86,
      "term": "flawless day makeup"
    },
    {
      "weight": 1.17,
      "term": "professional day makeup"
    },
    {
      "weight": 0.85,
      "term": "expertly applied day makeup"
    },
    {
      "weight": 1.09,
      "term": "skillfully done day makeup"
    },
    {
      "weight": 1.1,
      "term": "artistically applied day makeup"
    },
    {
      "weight": 1.05,
      "term": "carefully crafted day makeup"
    },
    {
      "weight": 0.93,
      "term": "party makeup"
    },
    {
      "weight": 0.91,
      "term": "(party makeup:1.1)"
    },
    {
      "weight": 1.14,
      "term": "with party makeup"
    },
    {
      "weight": 1.01,
      "term": "wearing party makeup"
    },
    {
      "weight": 1.02,
      "term": "beautiful party makeup"
    },
    {
      "weight": 0.85,
      "term": "perfect party makeup"
    },
    {
      "weight": 1.02,
      "term": "flawless party makeup"
    },
    {
      "weight": 1.07,
      "term": "professional party makeup"
    },
    {
      "weight": 1.17,
      "term": "expertly applied party makeup"
    },
    {
      "weight": 1.16,
      "term": "skillfully done party makeup"
    },
    {
      "weight": 0.91,
      "term": "artistically applied party makeup"
    },
    {
      "weight": 0.86,
      "term": "carefully crafted party makeup"
    },
    {
      "weight": 0.89,
      "term": "professional makeup"
    },
    {
      "weight": 1.14,
      "term": "(professional makeup:1.1)"
    },
    {
      "weight": 1.17,
      "term": "with professional makeup"
    },
    {
      "weight": 0.95,
      "term": "wearing professional makeup"
    },
    {
      "weight": 0.86,
      "term": "beautiful professional makeup"
    },
    {
      "weight": 1.04,
      "term": "perfect professional makeup"
    },
    {
      "weight": 1.0,
      "term": "flawless professional makeup"
    },
    {
      "weight": 1.04,
      "term": "professional professional makeup"
    },
    {
      "weight": 0.9,
      "term": "expertly applied professional makeup"
    },
    {
      "weight": 1.16,
      "term": "skillfully done professional makeup"
    },
    {
      "weight": 0.84,
      "term": "artistically applied professional makeup"
    },
    {
      "weight": 1.06,
      "term": "carefully crafted professional makeup"
    },
    {
      "weight": 0.9,
      "term": "smokey eyes"
    },
    {
      "weight": 1.2,
      "term": "(smokey eyes:1.1)"
    },
    {
      "weight": 0.84,
      "term": "with smokey eyes"
    },
    {
      "weight": 1.1,
      "term": "wearing smokey eyes"
    },
    {
      "weight": 1.19,
      "term": "beautiful smokey eyes"
    },
    {
      "weight": 0.86,
      "term": "perfect smokey eyes"
    },
    {
      "weight": 1.0,
      "term": "flawless smokey eyes"
    },
    {
      "weight": 1.15,
      "term": "professional smokey eyes"
    },
    {
      "weight": 1.03,
      "term": "expertly applied smokey eyes"
    },
    {
      "weight": 1.16,
      "term": "skillfully done smokey eyes"
    },
    {
      "weight": 1.03,
      "term": "artistically applied smokey eyes"
    },
    {
      "weight": 0.87,
      "term": "carefully crafted smokey eyes"
    },
    {
      "weight": 0.93,
      "term": "cat eye"
    },
    {
      "weight": 0.92,
      "term": "(cat eye:1.1)"
    },
    {
      "weight": 1.0,
      "term": "with cat eye"
    },
    {
      "weight": 1.02,
      "term": "wearing cat eye"
    },
    {
      "weight": 1.02,
      "term": "beautiful cat eye"
    },
    {
      "weight": 0.88,
      "term": "perfect cat eye"
    },
    {
      "weight": 0.85,
      "term": "flawless cat eye"
    },
    {
      "weight": 1.19,
      "term": "professional cat eye"
    },
    {
      "weight": 1.07,
      "term": "expertly applied cat eye"
    },
    {
      "weight": 0.99,
      "term": "skillfully done cat eye"
    },
    {
      "weight": 0.84,
      "term": "artistically applied cat eye"
    },
    {
      "weight": 0.9,
      "term": "carefully crafted cat eye"
    },
    {
      "weight": 1.16,
      "term": "winged eyeliner"
    },
    {
      "weight": 0.81,
      "term": "(winged eyeliner:1.1)"
    },
    {
      "weight": 0.88,
      "term": "with winged eyeliner"
    },
    {
      "weight": 0.98,
      "term": "wearing winged eyeliner"
    },
    {
      "weight": 0.88,
      "term": "beautiful winged eyeliner"
    },
    {
      "weight": 1.1,
      "term": "perfect winged eyeliner"
    },
    {
      "weight": 1.1,
      "term": "flawless winged eyeliner"
    },
    {
      "weight": 1.13,
      "term": "professional winged eyeliner"
    },
    {
      "weight": 0.84,
      "term": "expertly applied winged eyeliner"
    },
    {
      "weight": 0.91,
      "term": "skillfully done winged eyeliner"
    },
    {
      "weight": 1.09,
      "term": "artistically applied winged eyeliner"
    },
    {
      "weight": 0.92,
      "term": "carefully crafted winged eyeliner"
    },
    {
      "weight": 0.88,
      "term": "natural eyeliner"
    },
    {
      "weight": 0.95,
      "term": "(natural eyeliner:1.1)"
    },
    {
      "weight": 1.09,
      "term": "with natural eyeliner"
    },
    {
      "weight": 1.12,
      "term": "wearing natural eyeliner"
    },
    {
      "weight": 0.99,
      "term": "beautiful natural eyeliner"
    },
    {
      "weight": 0.91,
      "term": "perfect natural eyeliner"
    },
    {
      "weight": 1.06,
      "term": "flawless natural eyeliner"
    },
    {
      "weight": 1.04,
      "term": "professional natural eyeliner"
    },
    {
      "weight": 0.91,
      "term": "expertly applied natural eyeliner"
    },
    {
      "weight": 1.12,
      "term": "skillfully done natural eyeliner"
    },
    {
      "weight": 1.19,
      "term": "artistically applied natural eyeliner"
    },
    {
      "weight": 1.08,
      "term": "carefully crafted natural eyeliner"
    },
    {
      "weight": 0.96,
      "term": "bold eyeliner"
    },
    {
      "weight": 0.86,
      "term": "(bold eyeliner:1.1)"
    },
    {
      "weight": 1.15,
      "term": "with bold eyeliner"
    },
    {
      "weight": 1.09,
      "term": "wearing bold eyeliner"
    },
    {
      "weight": 1.17,
      "term": "beautiful bold eyeliner"
    },
    {
      "weight": 1.07,
      "term": "perfect bold eyeliner"
    },
    {
      "weight": 1.19,
      "term": "flawless bold eyeliner"
    },
    {
      "weight": 0.81,
      "term": "professional bold eyeliner"
    },
    {
      "weight": 0.92,
      "term": "expertly applied bold eyeliner"
    },
    {
      "weight": 1.1,
      "term": "skillfully done bold eyeliner"
    },
    {
      "weight": 1.07,
      "term": "artistically applied bold eyeliner"
    },
    {
      "weight": 1.19,
      "term": "carefully crafted bold eyeliner"
    },
    {
      "weight": 0.97,
      "term": "subtle eyeliner"
    },
    {
      "weight": 1.03,
      "term": "(subtle eyeliner:1.1)"
    },
    {
      "weight": 0.83,
      "term": "with subtle eyeliner"
    },
    {
      "weight": 1.05,
      "term": "wearing subtle eyeliner"
    },
    {
      "weight": 1.16,
      "term": "beautiful subtle eyeliner"
    },
    {
      "weight": 0.87,
      "term": "perfect subtle eyeliner"
    },
    {
      "weight": 0.88,
      "term": "flawless subtle eyeliner"
    },
    {
      "weight": 0.97,
      "term": "professional subtle eyeliner"
    },
    {
      "weight": 0.91,
      "term": "expertly applied subtle eyeliner"
    },
    {
      "weight": 1.05,
      "term": "skillfully done subtle eyeliner"
    },
    {
      "weight": 0.98,
      "term": "artistically applied subtle eyeliner"
    },
    {
      "weight": 0.93,
      "term": "carefully crafted subtle eyeliner"
    },
    {
      "weight": 0.93,
      "term": "thick eyeliner"
    },
    {
      "weight": 0.98,
      "term": "(thick eyeliner:1.1)"
    },
    {
      "weight": 0.96,
      "term": "with thick eyeliner"
    },
    {
      "weight": 0.97,
      "term": "wearing thick eyeliner"
    },
    {
      "weight": 1.12,
      "term": "beautiful thick eyeliner"
    },
    {
      "weight": 1.07,
      "term": "perfect thick eyeliner"
    },
    {
      "weight": 0.9,
      "term": "flawless thick eyeliner"
    },
    {
      "weight": 1.15,
      "term": "professional thick eyeliner"
    },
    {
      "weight": 1.09,
      "term": "expertly applied thick eyeliner"
    },
    {
      "weight": 0.95,
      "term": "skillfully done thick eyeliner"
    },
    {
      "weight": 1.03,
      "term": "artistically applied thick eyeliner"
    },
    {
      "weight": 1.09,
      "term": "carefully crafted thick eyeliner"
    },
    {
      "weight": 0.95,
      "term": "thin eyeliner"
    },
    {
      "weight": 1.07,
      "term": "(thin eyeliner:1.1)"
    },
    {
      "weight": 1.02,
      "term": "with thin eyeliner"
    },
    {
      "weight": 1.16,
      "term": "wearing thin eyeliner"
    },
    {
      "weight": 1.1,
      "term": "beautiful thin eyeliner"
    },
    {
      "weight": 1.16,
      "term": "perfect thin eyeliner"
    },
    {
      "weight": 0.93,
      "term": "flawless thin eyeliner"
    },
    {
      "weight": 1.08,
      "term": "professional thin eyeliner"
    },
    {
      "weight": 0.94,
      "term": "expertly applied thin eyeliner"
    },
    {
      "weight": 0.91,
      "term": "skillfully done thin eyeliner"
    },
    {
      "weight": 0.95,
      "term": "artistically applied thin eyeliner"
    },
    {
      "weight": 1.12,
      "term": "carefully crafted thin eyeliner"
    },
    {
      "weight": 0.86,
      "term": "eyeshadow"
    },
    {
      "weight": 0.86,
      "term": "(eyeshadow:1.1)"
    },
    {
      "weight": 1.08,
      "term": "with eyeshadow"
    },
    {
      "weight": 1.05,
      "term": "wearing eyeshadow"
    },
    {
      "weight": 0.85,
      "term": "beautiful eyeshadow"
    },
    {
      "weight": 0.97,
      "term": "perfect eyeshadow"
    },
    {
      "weight": 0.87,
      "term": "flawless eyeshadow"
    },
    {
      "weight": 0.81,
      "term": "professional eyeshadow"
    },
    {
      "weight": 1.12,
      "term": "expertly applied eyeshadow"
    },
    {
      "weight": 0.9,
      "term": "skillfully done eyeshadow"
    },
    {
      "weight": 0.86,
      "term": "artistically applied eyeshadow"
    },
    {
      "weight": 1.04,
      "term": "carefully crafted eyeshadow"
    },
    {
      "weight": 1.2,
      "term": "neutral eyeshadow"
    },
    {
      "weight": 1.08,
      "term": "(neutral eyeshadow:1.1)"
    },
    {
      "weight": 1.11,
      "term": "with neutral eyeshadow"
    },
    {
      "weight": 0.98,
      "term": "wearing neutral eyeshadow"
    },
    {
      "weight": 1.11,
      "term": "beautiful neutral eyeshadow"
    },
    {
      "weight": 1.12,
      "term": "perfect neutral eyeshadow"
    },
    {
      "weight": 1.17,
      "term": "flawless neutral eyeshadow"
    },
    {
      "weight": 0.9,
      "term": "professional neutral eyeshadow"
    },
    {
      "weight": 1.2,
      "term": "expertly applied neutral eyeshadow"
    },
    {
      "weight": 1.05,
      "term": "skillfully done neutral eyeshadow"
    },
    {
      "weight": 0.91,
      "term": "artistically applied neutral eyeshadow"
    },
    {
      "weight": 1.13,
      "term": "carefully crafted neutral eyeshadow"
    },
    {
      "weight": 0.95,
      "term": "colorful eyeshadow"
    },
    {
      "weight": 1.17,
      "term": "(colorful eyeshadow:1.1)"
    },
    {
      "weight": 0.98,
      "term": "with colorful eyeshadow"
    },
    {
      "weight": 0.93,
      "term": "wearing colorful eyeshadow"
    },
    {
      "weight": 0.92,
      "term": "beautiful colorful eyeshadow"
    },
    {
      "weight": 0.93,
      "term": "perfect colorful eyeshadow"
    },
    {
      "weight": 0.83,
      "term": "flawless colorful eyeshadow"
    },
    {
      "weight": 0.94,
      "term": "professional colorful eyeshadow"
    },
    {
      "weight": 0.83,
      "term": "expertly applied colorful eyeshadow"
    },
    {
      "weight": 0.9,
      "term": "skillfully done colorful eyeshadow"
    },
    {
      "weight": 1.14,
      "term": "artistically applied colorful eyeshadow"
    },
    {
      "weight": 1.06,
      "term": "carefully crafted colorful eyeshadow"
    },
    {
      "weight": 0.95,
      "term": "shimmery eyeshadow"
    },
    {
      "weight": 1.14,
      "term": "(shimmery eyeshadow:1.1)"
    },
    {
      "weight": 1.1,
      "term": "with shimmery eyeshadow"
    },
    {
      "weight": 0.83,
      "term": "wearing shimmery eyeshadow"
    },
    {
      "weight": 0.84,
      "term": "beautiful shimmery eyeshadow"
    },
    {
      "weight": 1.17,
      "term": "perfect shimmery eyeshadow"
    },
    {
      "weight": 1.15,
      "term": "flawless shimmery eyeshadow"
    },
    {
      "weight": 1.04,
      "term": "professional shimmery eyeshadow"
    },
    {
      "weight": 0.92,
      "term": "expertly applied shimmery eyeshadow"
    },
    {
      "weight": 1.17,
      "term": "skillfully done shimmery eyeshadow"
    },
    {
      "weight": 0.98,
      "term": "artistically applied shimmery eyeshadow"
    },
    {
      "weight": 1.01,
      "term": "carefully crafted shimmery eyeshadow"
    },
    {
      "weight": 0.96,
      "term": "matte eyeshadow"
    },
    {
      "weight": 0.85,
      "term": "(matte eyeshadow:1.1)"
    },
    {
      "weight": 0.99,
      "term": "with matte eyeshadow"
    },
    {
      "weight": 1.15,
      "term": "wearing matte eyeshadow"
    },
    {
      "weight": 0.92,
      "term": "beautiful matte eyeshadow"
    },
    {
      "weight": 0.88,
      "term": "perfect matte eyeshadow"
    },
    {
      "weight": 0.81,
      "term": "flawless matte eyeshadow"
    },
    {
      "weight": 0.84,
      "term": "professional matte eyeshadow"
    },
    {
      "weight": 0.87,
      "term": "expertly applied matte eyeshadow"
    },
    {
      "weight": 0.92,
      "term": "skillfully done matte eyeshadow"
    },
    {
      "weight": 0.94,
      "term": "artistically applied matte eyeshadow"
    },
    {
      "weight": 0.93,
      "term": "carefully crafted matte eyeshadow"
    },
    {
      "weight": 1.09,
      "term": "metallic eyeshadow"
    },
    {
      "weight": 1.05,
      "term": "(metallic eyeshadow:1.1)"
    },
    {
      "weight": 0.96,
      "term": "with metallic eyeshadow"
    },
    {
      "weight": 0.91,
      "term": "wearing metallic eyeshadow"
    },
    {
      "weight": 0.92,
      "term": "beautiful metallic eyeshadow"
    },
    {
      "weight": 0.9,
      "term": "perfect metallic eyeshadow"
    },
    {
      "weight": 1.13,
      "term": "flawless metallic eyeshadow"
    },
    {
      "weight": 1.04,
      "term": "professional metallic eyeshadow"
    },
    {
      "weight": 0.96,
      "term": "expertly applied metallic eyeshadow"
    },
    {
      "weight": 1.18,
      "term": "skillfully done metallic eyeshadow"
    },
    {
      "weight": 0.99,
      "term": "artistically applied metallic eyeshadow"
    },
    {
      "weight": 0.88,
      "term": "carefully crafted metallic eyeshadow"
    },
    {
      "weight": 0.81,
      "term": "gradient eyeshadow"
    },
    {
      "weight": 1.07,
      "term": "(gradient eyeshadow:1.1)"
    },
    {
      "weight": 1.01,
      "term": "with gradient eyeshadow"
    },
    {
      "weight": 0.92,
      "term": "wearing gradient eyeshadow"
    },
    {
      "weight": 0.85,
      "term": "beautiful gradient eyeshadow"
    },
    {
      "weight": 1.17,
      "term": "perfect gradient eyeshadow"
    },
    {
      "weight": 0.88,
      "term": "flawless gradient eyeshadow"
    },
    {
      "weight": 1.14,
      "term": "professional gradient eyeshadow"
    },
    {
      "weight": 0.83,
      "term": "expertly applied gradient eyeshadow"
    },
    {
      "weight": 0.88,
      "term": "skillfully done gradient eyeshadow"
    },
    {
      "weight": 1.12,
      "term": "artistically applied gradient eyeshadow"
    },
    {
      "weight": 0.92,
      "term": "carefully crafted gradient eyeshadow"
    },
    {
      "weight": 0.9,
      "term": "bold eyeshadow"
    },
    {
      "weight": 0.92,
      "term": "(bold eyeshadow:1.1)"
    },
    {
      "weight": 1.13,
      "term": "with bold eyeshadow"
    },
    {
      "weight": 1.0,
      "term": "wearing bold eyeshadow"
    },
    {
      "weight": 1.0,
      "term": "beautiful bold eyeshadow"
    },
    {
      "weight": 0.92,
      "term": "perfect bold eyeshadow"
    },
    {
      "weight": 1.15,
      "term": "flawless bold eyeshadow"
    },
    {
      "weight": 1.08,
      "term": "professional bold eyeshadow"
    },
    {
      "weight": 0.91,
      "term": "expertly applied bold eyeshadow"
    },
    {
      "weight": 1.16,
      "term": "skillfully done bold eyeshadow"
    },
    {
      "weight": 1.19,
      "term": "artistically applied bold eyeshadow"
    },
    {
      "weight": 1.14,
      "term": "carefully crafted bold eyeshadow"
    },
    {
      "weight": 1.1,
      "term": "mascara"
    },
    {
      "weight": 1.18,
      "term": "(mascara:1.1)"
    },
    {
      "weight": 0.89,
      "term": "with mascara"
    },
    {
      "weight": 0.81,
      "term": "wearing mascara"
    },
    {
      "weight": 1.07,
      "term": "beautiful mascara"
    },
    {
      "weight": 0.93,
      "term": "perfect mascara"
    },
    {
      "weight": 1.12,
      "term": "flawless mascara"
    },
    {
      "weight": 0.93,
      "term": "professional mascara"
    },
    {
      "weight": 0.88,
      "term": "expertly applied mascara"
    },
    {
      "weight": 1.14,
      "term": "skillfully done mascara"
    },
    {
      "weight": 1.08,
      "term": "artistically applied mascara"
    },
    {
      "weight": 0.97,
      "term": "carefully crafted mascara"
    },
    {
      "weight": 0.97,
      "term": "false eyelashes"
    },
    {
      "weight": 0.84,
      "term": "(false eyelashes:1.1)"
    },
    {
      "weight": 0.81,
      "term": "with false eyelashes"
    },
    {
      "weight": 0.99,
      "term": "wearing false eyelashes"
    },
    {
      "weight": 1.19,
      "term": "beautiful false eyelashes"
    },
    {
      "weight": 1.08,
      "term": "perfect false eyelashes"
    },
    {
      "weight": 0.87,
      "term": "flawless false eyelashes"
    },
    {
      "weight": 1.08,
      "term": "professional false eyelashes"
    },
    {
      "weight": 1.09,
      "term": "expertly applied false eyelashes"
    },
    {
      "weight": 0.9,
      "term": "skillfully done false eyelashes"
    },
    {
      "weight": 0.98,
      "term": "artistically applied false eyelashes"
    },
    {
      "weight": 0.81,
      "term": "carefully crafted false eyelashes"
    },
    {
      "weight": 1.07,
      "term": "long eyelashes"
    },
    {
      "weight": 1.1,
      "term": "(long eyelashes:1.1)"
    },
    {
      "weight": 0.99,
      "term": "with long eyelashes"
    },
    {
      "weight": 1.2,
      "term": "wearing long eyelashes"
    },
    {
      "weight": 1.0,
      "term": "beautiful long eyelashes"
    },
    {
      "weight": 1.06,
      "term": "perfect long eyelashes"
    },
    {
      "weight": 0.86,
      "term": "flawless long eyelashes"
    },
    {
      "weight": 0.81,
      "term": "professional long eyelashes"
    },
    {
      "weight": 0.88,
      "term": "expertly applied long eyelashes"
    },
    {
      "weight": 1.11,
      "term": "skillfully done long eyelashes"
    },
    {
      "weight": 0.95,
      "term": "artistically applied long eyelashes"
    },
    {
      "weight": 0.96,
      "term": "carefully crafted long eyelashes"
    },
    {
      "weight": 0.8,
      "term": "thick eyelashes"
    },
    {
      "weight": 0.87,
      "term": "(thick eyelashes:1.1)"
    },
    {
      "weight": 1.1,
      "term": "with thick eyelashes"
    },
    {
      "weight": 1.17,
      "term": "wearing thick eyelashes"
    },
    {
      "weight": 1.1,
      "term": "beautiful thick eyelashes"
    },
    {
      "weight": 1.08,
      "term": "perfect thick eyelashes"
    },
    {
      "weight": 0.9,
      "term": "flawless thick eyelashes"
    },
    {
      "weight": 1.12,
      "term": "professional thick eyelashes"
    },
    {
      "weight": 1.19,
      "term": "expertly applied thick eyelashes"
    },
    {
      "weight": 0.91,
      "term": "skillfully done thick eyelashes"
    },
    {
      "weight": 1.1,
      "term": "artistically applied thick eyelashes"
    },
    {
      "weight": 1.06,
      "term": "carefully crafted thick eyelashes"
    },
    {
      "weight": 0.9,
      "term": "curled eyelashes"
    },
    {
      "weight": 0.9,
      "term": "(curled eyelashes:1.1)"
    },
    {
      "weight": 0.86,
      "term": "with curled eyelashes"
    },
    {
      "weight": 1.0,
      "term": "wearing curled eyelashes"
    },
    {
      "weight": 1.2,
      "term": "beautiful curled eyelashes"
    },
    {
      "weight": 0.86,
      "term": "perfect curled eyelashes"
    },
    {
      "weight": 1.1,
      "term": "flawless curled eyelashes"
    },
    {
      "weight": 1.0,
      "term": "professional curled eyelashes"
    },
    {
      "weight": 0.96,
      "term": "expertly applied curled eyelashes"
    },
    {
      "weight": 1.17,
      "term": "skillfully done curled eyelashes"
    },
    {
      "weight": 1.12,
      "term": "artistically applied curled eyelashes"
    },
    {
      "weight": 0.81,
      "term": "carefully crafted curled eyelashes"
    },
    {
      "weight": 1.18,
      "term": "natural eyelashes"
    },
    {
      "weight": 0.93,
      "term": "(natural eyelashes:1.1)"
    },
    {
      "weight": 0.94,
      "term": "with natural eyelashes"
    },
    {
      "weight": 1.04,
      "term": "wearing natural eyelashes"
    },
    {
      "weight": 0.81,
      "term": "beautiful natural eyelashes"
    },
    {
      "weight": 0.91,
      "term": "perfect natural eyelashes"
    },
    {
      "weight": 1.08,
      "term": "flawless natural eyelashes"
    },
    {
      "weight": 0.82,
      "term": "professional natural eyelashes"
    },
    {
      "weight": 0.86,
      "term": "expertly applied natural eyelashes"
    },
    {
      "weight": 0.9,
      "term": "skillfully done natural eyelashes"
    },
    {
      "weight": 0.82,
      "term": "artistically applied natural eyelashes"
    },
    {
      "weight": 1.1,
      "term": "carefully crafted natural eyelashes"
    },
    {
      "weight": 0.99,
      "term": "dramatic eyelashes"
    },
    {
      "weight": 0.99,
      "term": "(dramatic eyelashes:1.1)"
    },
    {
      "weight": 1.13,
      "term": "with dramatic eyelashes"
    },
    {
      "weight": 1.14,
      "term": "wearing dramatic eyelashes"
    },
    {
      "weight": 1.09,
      "term": "beautiful dramatic eyelashes"
    },
    {
      "weight": 1.16,
      "term": "perfect dramatic eyelashes"
    },
    {
      "weight": 1.0,
      "term": "flawless dramatic eyelashes"
    },
    {
      "weight": 1.08,
      "term": "professional dramatic eyelashes"
    },
    {
      "weight": 1.05,
      "term": "expertly applied dramatic eyelashes"
    },
    {
      "weight": 1.0,
      "term": "skillfully done dramatic eyelashes"
    },
    {
      "weight": 0.81,
      "term": "artistically applied dramatic eyelashes"
    },
    {
      "weight": 1.16,
      "term": "carefully crafted dramatic eyelashes"
    },
    {
      "weight": 1.02,
      "term": "red lipstick"
    },
    {
      "weight": 0.87,
      "term": "(red lipstick:1.1)"
    },
    {
      "weight": 1.11,
      "term": "with red lipstick"
    },
    {
      "weight": 1.01,
      "term": "wearing red lipstick"
    },
    {
      "weight": 1.09,
      "term": "beautiful red lipstick"
    },
    {
      "weight": 0.97,
      "term": "perfect red lipstick"
    },
    {
      "weight": 0.91,
      "term": "flawless red lipstick"
    },
    {
      "weight": 1.04,
      "term": "professional red lipstick"
    },
    {
      "weight": 0.91,
      "term": "expertly applied red lipstick"
    },
    {
      "weight": 0.84,
      "term": "skillfully done red lipstick"
    },
    {
      "weight": 1.2,
      "term": "artistically applied red lipstick"
    },
    {
      "weight": 1.17,
      "term": "carefully crafted red lipstick"
    },
    {
      "weight": 0.85,
      "term": "pink lipstick"
    },
    {
      "weight": 1.07,
      "term": "(pink lipstick:1.1)"
    },
    {
      "weight": 0.99,
      "term": "with pink lipstick"
    },
    {
      "weight": 0.81,
      "term": "wearing pink lipstick"
    },
    {
      "weight": 0.99,
      "term": "beautiful pink lipstick"
    },
    {
      "weight": 1.11,
      "term": "perfect pink lipstick"
    },
    {
      "weight": 1.15,
      "term": "flawless pink lipstick"
    },
    {
      "weight": 1.19,
      "term": "professional pink lipstick"
    },
    {
      "weight": 1.05,
      "term": "expertly applied pink lipstick"
    },
    {
      "weight": 0.92,
      "term": "skillfully done pink lipstick"
    },
    {
      "weight": 1.02,
      "term": "artistically applied pink lipstick"
    },
    {
      "weight": 0.81,
      "term": "carefully crafted pink lipstick"
    },
    {
      "weight": 1.19,
      "term": "nude lipstick"
    },
    {
      "weight": 1.06,
      "term": "(nude lipstick:1.1)"
    },
    {
      "weight": 0.82,
      "term": "with nude lipstick"
    },
    {
      "weight": 1.12,
      "term": "wearing nude lipstick"
    },
    {
      "weight": 0.81,
      "term": "beautiful nude lipstick"
    },
    {
      "weight": 0.82,
      "term": "perfect nude lipstick"
    },
    {
      "weight": 1.05,
      "term": "flawless nude lipstick"
    },
    {
      "weight": 0.94,
      "term": "professional nude lipstick"
    },
    {
      "weight": 0.9,
      "term": "expertly applied nude lipstick"
    },
    {
      "weight": 0.96,
      "term": "skillfully done nude lipstick"
    },
    {
      "weight": 1.14,
      "term": "artistically applied nude lipstick"
    },
    {
      "weight": 1.09,
      "term": "carefully crafted nude lipstick"
    },
    {
      "weight": 1.06,
      "term": "coral lipstick"
    },
    {
      "weight": 1.18,
      "term": "(coral lipstick:1.1)"
    },
    {
      "weight": 0.94,
      "term": "with coral lipstick"
    },
    {
      "weight": 1.09,
      "term": "wearing coral lipstick"
    },
    {
      "weight": 1.2,
      "term": "beautiful coral lipstick"
    },
    {
      "weight": 1.09,
      "term": "perfect coral lipstick"
    },
    {
      "weight": 0.85,
      "term": "flawless coral lipstick"
    },
    {
      "weight": 1.03,
      "term": "professional coral lipstick"
    },
    {
      "weight": 0.86,
      "term": "expertly applied coral lipstick"
    },
    {
      "weight": 1.15,
      "term": "skillfully done coral lipstick"
    },
    {
      "weight": 0.91,
      "term": "artistically applied coral lipstick"
    },
    {
      "weight": 0.91,
      "term": "carefully crafted coral lipstick"
    },
    {
      "weight": 1.02,
      "term": "berry lipstick"
    },
    {
      "weight": 0.87,
      "term": "(berry lipstick:1.1)"
    },
    {
      "weight": 0.96,
      "term": "with berry lipstick"
    },
    {
      "weight": 1.12,
      "term": "wearing berry lipstick"
    },
    {
      "weight": 1.04,
      "term": "beautiful berry lipstick"
    },
    {
      "weight": 1.09,
      "term": "perfect berry lipstick"
    },
    {
      "weight": 0.99,
      "term": "flawless berry lipstick"
    },
    {
      "weight": 1.08,
      "term": "professional berry lipstick"
    },
    {
      "weight": 0.84,
      "term": "expertly applied berry lipstick"
    },
    {
      "weight": 0.87,
      "term": "skillfully done berry lipstick"
    },
    {
      "weight": 1.0,
      "term": "artistically applied berry lipstick"
    },
    {
      "weight": 0.81,
      "term": "carefully crafted berry lipstick"
    },
    {
      "weight": 1.07,
      "term": "plum lipstick"
    },
    {
      "weight": 1.05,
      "term": "(plum lipstick:1.1)"
    },
    {
      "weight": 0.81,
      "term": "with plum lipstick"
    },
    {
      "weight": 1.0,
      "term": "wearing plum lipstick"
    },
    {
      "weight": 1.04,
      "term": "beautiful plum lipstick"
    },
    {
      "weight": 0.82,
      "term": "perfect plum lipstick"
    },
    {
      "weight": 0.99,
      "term": "flawless plum lipstick"
    },
    {
      "weight": 1.15,
      "term": "professional plum lipstick"
    },
    {
      "weight": 1.17,
      "term": "expertly applied plum lipstick"
    },
    {
      "weight": 1.11,
      "term": "skillfully done plum lipstick"
    },
    {
      "weight": 1.15,
      "term": "artistically applied plum lipstick"
    },
    {
      "weight": 0.99,
      "term": "carefully crafted plum lipstick"
    },
    {
      "weight": 0.81,
      "term": "orange lipstick"
    },
    {
      "weight": 1.05,
      "term": "(orange lipstick:1.1)"
    },
    {
      "weight": 0.87,
      "term": "with orange lipstick"
    },
    {
      "weight": 1.04,
      "term": "wearing orange lipstick"
    },
    {
      "weight": 1.17,
      "term": "beautiful orange lipstick"
    },
    {
      "weight": 0.99,
      "term": "perfect orange lipstick"
    },
    {
      "weight": 1.1,
      "term": "flawless orange lipstick"
    },
    {
      "weight": 0.89,
      "term": "professional orange lipstick"
    },
    {
      "weight": 0.94,
      "term": "expertly applied orange lipstick"
    },
    {
      "weight": 0.82,
      "term": "skillfully done orange lipstick"
    },
    {
      "weight": 0.97,
      "term": "artistically applied orange lipstick"
    },
    {
      "weight": 1.15,
      "term": "carefully crafted orange lipstick"
    },
    {
      "weight": 1.06,
      "term": "burgundy lipstick"
    },
    {
      "weight": 0.84,
      "term": "(burgundy lipstick:1.1)"
    },
    {
      "weight": 0.86,
      "term": "with burgundy lipstick"
    },
    {
      "weight": 0.87,
      "term": "wearing burgundy lipstick"
    },
    {
      "weight": 1.16,
      "term": "beautiful burgundy lipstick"
    },
    {
      "weight": 1.07,
      "term": "perfect burgundy lipstick"
    },
    {
      "weight": 0.83,
      "term": "flawless burgundy lipstick"
    },
    {
      "weight": 1.12,
      "term": "professional burgundy lipstick"
    },
    {
      "weight": 1.13,
      "term": "expertly applied burgundy lipstick"
    },
    {
      "weight": 1.11,
      "term": "skillfully done burgundy lipstick"
    },
    {
      "weight": 0.89,
      "term": "artistically applied burgundy lipstick"
    },
    {
      "weight": 1.09,
      "term": "carefully crafted burgundy lipstick"
    },
    {
      "weight": 1.16,
      "term": "matte lipstick"
    },
    {
      "weight": 0.9,
      "term": "(matte lipstick:1.1)"
    },
    {
      "weight": 1.08,
      "term": "with matte lipstick"
    },
    {
      "weight": 1.05,
      "term": "wearing matte lipstick"
    },
    {
      "weight": 0.84,
      "term": "beautiful matte lipstick"
    },
    {
      "weight": 0.84,
      "term": "perfect matte lipstick"
    },
    {
      "weight": 0.88,
      "term": "flawless matte lipstick"
    },
    {
      "weight": 1.12,
      "term": "professional matte lipstick"
    },
    {
      "weight": 0.93,
      "term": "expertly applied matte lipstick"
    },
    {
      "weight": 0.97,
      "term": "skillfully done matte lipstick"
    },
    {
      "weight": 0.94,
      "term": "artistically applied matte lipstick"
    },
    {
      "weight": 1.03,
      "term": "carefully crafted matte lipstick"
    },
    {
      "weight": 1.1,
      "term": "glossy lipstick"
    },
    {
      "weight": 1.03,
      "term": "(glossy lipstick:1.1)"
    },
    {
      "weight": 0.83,
      "term": "with glossy lipstick"
    },
    {
      "weight": 1.03,
      "term": "wearing glossy lipstick"
    },
    {
      "weight": 1.03,
      "term": "beautiful glossy lipstick"
    },
    {
      "weight": 1.0,
      "term": "perfect glossy lipstick"
    },
    {
      "weight": 0.97,
      "term": "flawless glossy lipstick"
    },
    {
      "weight": 1.0,
      "term": "professional glossy lipstick"
    },
    {
      "weight": 1.01,
      "term": "expertly applied glossy lipstick"
    },
    {
      "weight": 1.16,
      "term": "skillfully done glossy lipstick"
    },
    {
      "weight": 0.97,
      "term": "artistically applied glossy lipstick"
    },
    {
      "weight": 0.82,
      "term": "carefully crafted glossy lipstick"
    },
    {
      "weight": 1.08,
      "term": "satin lipstick"
    },
    {
      "weight": 0.93,
      "term": "(satin lipstick:1.1)"
    },
    {
      "weight": 0.86,
      "term": "with satin lipstick"
    },
    {
      "weight": 0.94,
      "term": "wearing satin lipstick"
    },
    {
      "weight": 1.01,
      "term": "beautiful satin lipstick"
    },
    {
      "weight": 0.88,
      "term": "perfect satin lipstick"
    },
    {
      "weight": 0.85,
      "term": "flawless satin lipstick"
    },
    {
      "weight": 0.88,
      "term": "professional satin lipstick"
    },
    {
      "weight": 1.06,
      "term": "expertly applied satin lipstick"
    },
    {
      "weight": 0.9,
      "term": "skillfully done satin lipstick"
    },
    {
      "weight": 0.98,
      "term": "artistically applied satin lipstick"
    },
    {
      "weight": 0.98,
      "term": "carefully crafted satin lipstick"
    },
    {
      "weight": 0.85,
      "term": "velvet lipstick"
    },
    {
      "weight": 0.99,
      "term": "(velvet lipstick:1.1)"
    },
    {
      "weight": 1.07,
      "term": "with velvet lipstick"
    },
    {
      "weight": 0.99,
      "term": "wearing velvet lipstick"
    },
    {
      "weight": 0.83,
      "term": "beautiful velvet lipstick"
    },
    {
      "weight": 1.14,
      "term": "perfect velvet lipstick"
    },
    {
      "weight": 1.17,
      "term": "flawless velvet lipstick"
    },
    {
      "weight": 1.04,
      "term": "professional velvet lipstick"
    },
    {
      "weight": 0.87,
      "term": "expertly applied velvet lipstick"
    },
    {
      "weight": 0.9,
      "term": "skillfully done velvet lipstick"
    },
    {
      "weight": 0.88,
      "term": "artistically applied velvet lipstick"
    },
    {
      "weight": 1.03,
      "term": "carefully crafted velvet lipstick"
    },
    {
      "weight": 1.02,
      "term": "lip gloss"
    },
    {
      "weight": 1.09,
      "term": "(lip gloss:1.1)"
    },
    {
      "weight": 0.9,
      "term": "with lip gloss"
    },
    {
      "weight": 0.96,
      "term": "wearing lip gloss"
    },
    {
      "weight": 1.18,
      "term": "beautiful lip gloss"
    },
    {
      "weight": 0.97,
      "term": "perfect lip gloss"
    },
    {
      "weight": 0.91,
      "term": "flawless lip gloss"
    },
    {
      "weight": 0.86,
      "term": "professional lip gloss"
    },
    {
      "weight": 1.19,
      "term": "expertly applied lip gloss"
    },
    {
      "weight": 1.11,
      "term": "skillfully done lip gloss"
    },
    {
      "weight": 1.12,
      "term": "artistically applied lip gloss"
    },
    {
      "weight": 1.19,
      "term": "carefully crafted lip gloss"
    },
    {
      "weight": 0.94,
      "term": "tinted lip balm"
    },
    {
      "weight": 0.85,
      "term": "(tinted lip balm:1.1)"
    },
    {
      "weight": 0.92,
      "term": "with tinted lip balm"
    },
    {
      "weight": 0.95,
      "term": "wearing tinted lip balm"
    },
    {
      "weight": 1.18,
      "term": "beautiful tinted lip balm"
    },
    {
      "weight": 1.12,
      "term": "perfect tinted lip balm"
    },
    {
      "weight": 1.02,
      "term": "flawless tinted lip balm"
    },
    {
      "weight": 0.82,
      "term": "professional tinted lip balm"
    },
    {
      "weight": 0.9,
      "term": "expertly applied tinted lip balm"
    },
    {
      "weight": 0.97,
      "term": "skillfully done tinted lip balm"
    },
    {
      "weight": 0.86,
      "term": "artistically applied tinted lip balm"
    },
    {
      "weight": 1.05,
      "term": "carefully crafted tinted lip balm"
    },
    {
      "weight": 0.92,
      "term": "natural lips"
    },
    {
      "weight": 0.93,
      "term": "(natural lips:1.1)"
    },
    {
      "weight": 1.2,
      "term": "with natural lips"
    },
    {
      "weight": 1.03,
      "term": "wearing natural lips"
    },
    {
      "weight": 0.84,
      "term": "beautiful natural lips"
    },
    {
      "weight": 1.19,
      "term": "perfect natural lips"
    },
    {
      "weight": 1.15,
      "term": "flawless natural lips"
    },
    {
      "weight": 1.03,
      "term": "professional natural lips"
    },
    {
      "weight": 1.02,
      "term": "expertly applied natural lips"
    },
    {
      "weight": 1.17,
      "term": "skillfully done natural lips"
    },
    {
      "weight": 1.14,
      "term": "artistically applied natural lips"
    },
    {
      "weight": 1.11,
      "term": "carefully crafted natural lips"
    },
    {
      "weight": 0.83,
      "term": "bold lips"
    },
    {
      "weight": 0.93,
      "term": "(bold lips:1.1)"
    },
    {
      "weight": 0.82,
      "term": "with bold lips"
    },
    {
      "weight": 1.08,
      "term": "wearing bold lips"
    },
    {
      "weight": 0.92,
      "term": "beautiful bold lips"
    },
    {
      "weight": 1.14,
      "term": "perfect bold lips"
    },
    {
      "weight": 0.95,
      "term": "flawless bold lips"
    },
    {
      "weight": 0.89,
      "term": "professional bold lips"
    },
    {
      "weight": 0.94,
      "term": "expertly applied bold lips"
    },
    {
      "weight": 1.05,
      "term": "skillfully done bold lips"
    },
    {
      "weight": 1.03,
      "term": "artistically applied bold lips"
    },
    {
      "weight": 0.93,
      "term": "carefully crafted bold lips"
    },
    {
      "weight": 1.1,
      "term": "subtle lips"
    },
    {
      "weight": 0.93,
      "term": "(subtle lips:1.1)"
    },
    {
      "weight": 0.94,
      "term": "with subtle lips"
    },
    {
      "weight": 1.14,
      "term": "wearing subtle lips"
    },
    {
      "weight": 1.03,
      "term": "beautiful subtle lips"
    },
    {
      "weight": 1.0,
      "term": "perfect subtle lips"
    },
    {
      "weight": 0.83,
      "term": "flawless subtle lips"
    },
    {
      "weight": 1.04,
      "term": "professional subtle lips"
    },
    {
      "weight": 1.05,
      "term": "expertly applied subtle lips"
    },
    {
      "weight": 0.89,
      "term": "skillfully done subtle lips"
    },
    {
      "weight": 0.99,
      "term": "artistically applied subtle lips"
    },
    {
      "weight": 0.86,
      "term": "carefully crafted subtle lips"
    },
    {
      "weight": 0.88,
      "term": "ombre lips"
    },
    {
      "weight": 0.85,
      "term": "(ombre lips:1.1)"
    },
    {
      "weight": 0.94,
      "term": "with ombre lips"
    },
    {
      "weight": 0.89,
      "term": "wearing ombre lips"
    },
    {
      "weight": 0.88,
      "term": "beautiful ombre lips"
    },
    {
      "weight": 1.16,
      "term": "perfect ombre lips"
    },
    {
      "weight": 0.83,
      "term": "flawless ombre lips"
    },
    {
      "weight": 1.02,
      "term": "professional ombre lips"
    },
    {
      "weight": 0.92,
      "term": "expertly applied ombre lips"
    },
    {
      "weight": 0.92,
      "term": "skillfully done ombre lips"
    },
    {
      "weight": 0.94,
      "term": "artistically applied ombre lips"
    },
    {
      "weight": 0.95,
      "term": "carefully crafted ombre lips"
    },
    {
      "weight": 1.0,
      "term": "gradient lips"
    },
    {
      "weight": 1.11,
      "term": "(gradient lips:1.1)"
    },
    {
      "weight": 0.83,
      "term": "with gradient lips"
    },
    {
      "weight": 0.85,
      "term": "wearing gradient lips"
    },
    {
      "weight": 0.9,
      "term": "beautiful gradient lips"
    },
    {
      "weight": 1.0,
      "term": "perfect gradient lips"
    },
    {
      "weight": 0.97,
      "term": "flawless gradient lips"
    },
    {
      "weight": 0.98,
      "term": "professional gradient lips"
    },
    {
      "weight": 0.94,
      "term": "expertly applied gradient lips"
    },
    {
      "weight": 1.0,
      "term": "skillfully done gradient lips"
    },
    {
      "weight": 0.81,
      "term": "artistically applied gradient lips"
    },
    {
      "weight": 1.04,
      "term": "carefully crafted gradient lips"
    },
    {
      "weight": 1.06,
      "term": "overlined lips"
    },
    {
      "weight": 0.97,
      "term": "(overlined lips:1.1)"
    },
    {
      "weight": 0.96,
      "term": "with overlined lips"
    },
    {
      "weight": 1.03,
      "term": "wearing overlined lips"
    },
    {
      "weight": 1.19,
      "term": "beautiful overlined lips"
    },
    {
      "weight": 1.2,
      "term": "perfect overlined lips"
    },
    {
      "weight": 0.91,
      "term": "flawless overlined lips"
    },
    {
      "weight": 1.07,
      "term": "professional overlined lips"
    },
    {
      "weight": 0.9,
      "term": "expertly applied overlined lips"
    },
    {
      "weight": 1.12,
      "term": "skillfully done overlined lips"
    },
    {
      "weight": 1.09,
      "term": "artistically applied overlined lips"
    },
    {
      "weight": 0.98,
      "term": "carefully crafted overlined lips"
    },
    {
      "weight": 0.95,
      "term": "flawless foundation"
    },
    {
      "weight": 1.08,
      "term": "(flawless foundation:1.1)"
    },
    {
      "weight": 1.07,
      "term": "with flawless foundation"
    },
    {
      "weight": 0.82,
      "term": "wearing flawless foundation"
    },
    {
      "weight": 0.93,
      "term": "beautiful flawless foundation"
    },
    {
      "weight": 0.97,
      "term": "perfect flawless foundation"
    },
    {
      "weight": 1.2,
      "term": "flawless flawless foundation"
    },
    {
      "weight": 0.96,
      "term": "professional flawless foundation"
    },
    {
      "weight": 0.88,
      "term": "expertly applied flawless foundation"
    },
    {
      "weight": 0.98,
      "term": "skillfully done flawless foundation"
    },
    {
      "weight": 1.09,
      "term": "artistically applied flawless foundation"
    },
    {
      "weight": 1.12,
      "term": "carefully crafted flawless foundation"
    },
    {
      "weight": 0.99,
      "term": "natural foundation"
    },
    {
      "weight": 1.14,
      "term": "(natural foundation:1.1)"
    },
    {
      "weight": 1.12,
      "term": "with natural foundation"
    },
    {
      "weight": 0.84,
      "term": "wearing natural foundation"
    },
    {
      "weight": 1.03,
      "term": "beautiful natural foundation"
    },
    {
      "weight": 1.09,
      "term": "perfect natural foundation"
    },
    {
      "weight": 0.9,
      "term": "flawless natural foundation"
    },
    {
      "weight": 1.07,
      "term": "professional natural foundation"
    },
    {
      "weight": 1.04,
      "term": "expertly applied natural foundation"
    },
    {
      "weight": 1.05,
      "term": "skillfully done natural foundation"
    },
    {
      "weight": 1.04,
      "term": "artistically applied natural foundation"
    },
    {
      "weight": 1.08,
      "term": "carefully crafted natural foundation"
    },
    {
      "weight": 1.11,
      "term": "full coverage foundation"
    },
    {
      "weight": 1.09,
      "term": "(full coverage foundation:1.1)"
    },
    {
      "weight": 0.86,
      "term": "with full coverage foundation"
    },
    {
      "weight": 1.15,
      "term": "wearing full coverage foundation"
    },
    {
      "weight": 1.01,
      "term": "beautiful full coverage foundation"
    },
    {
      "weight": 0.94,
      "term": "perfect full coverage foundation"
    },
    {
      "weight": 1.14,
      "term": "flawless full coverage foundation"
    },
    {
      "weight": 1.03,
      "term": "professional full coverage foundation"
    },
    {
      "weight": 0.82,
      "term": "expertly applied full coverage foundation"
    },
    {
      "weight": 0.86,
      "term": "skillfully done full coverage foundation"
    },
    {
      "weight": 0.96,
      "term": "artistically applied full coverage foundation"
    },
    {
      "weight": 1.2,
      "term": "carefully crafted full coverage foundation"
    },
    {
      "weight": 1.15,
      "term": "light coverage foundation"
    },
    {
      "weight": 1.09,
      "term": "(light coverage foundation:1.1)"
    },
    {
      "weight": 1.17,
      "term": "with light coverage foundation"
    },
    {
      "weight": 0.96,
      "term": "wearing light coverage foundation"
    },
    {
      "weight": 0.85,
      "term": "beautiful light coverage foundation"
    },
    {
      "weight": 1.18,
      "term": "perfect light coverage foundation"
    },
    {
      "weight": 0.87,
      "term": "flawless light coverage foundation"
    },
    {
      "weight": 0.94,
      "term": "professional light coverage foundation"
    },
    {
      "weight": 1.13,
      "term": "expertly applied light coverage foundation"
    },
    {
      "weight": 0.82,
      "term": "skillfully done light coverage foundation"
    },
    {
      "weight": 0.87,
      "term": "artistically applied light coverage foundation"
    },
    {
      "weight": 0.93,
      "term": "carefully crafted light coverage foundation"
    },
    {
      "weight": 0.87,
      "term": "dewy foundation"
    },
    {
      "weight": 0.89,
      "term": "(dewy foundation:1.1)"
    },
    {
      "weight": 1.19,
      "term": "with dewy foundation"
    },
    {
      "weight": 1.09,
      "term": "wearing dewy foundation"
    },
    {
      "weight": 0.81,
      "term": "beautiful dewy foundation"
    },
    {
      "weight": 0.88,
      "term": "perfect dewy foundation"
    },
    {
      "weight": 1.15,
      "term": "flawless dewy foundation"
    },
    {
      "weight": 0.85,
      "term": "professional dewy foundation"
    },
    {
      "weight": 0.98,
      "term": "expertly applied dewy foundation"
    },
    {
      "weight": 1.01,
      "term": "skillfully done dewy foundation"
    },
    {
      "weight": 0.99,
      "term": "artistically applied dewy foundation"
    },
    {
      "weight": 1.1,
      "term": "carefully crafted dewy foundation"
    },
    {
      "weight": 1.17,
      "term": "matte foundation"
    },
    {
      "weight": 0.97,
      "term": "(matte foundation:1.1)"
    },
    {
      "weight": 1.05,
      "term": "with matte foundation"
    },
    {
      "weight": 0.86,
      "term": "wearing matte foundation"
    },
    {
      "weight": 0.82,
      "term": "beautiful matte foundation"
    },
    {
      "weight": 1.13,
      "term": "perfect matte foundation"
    },
    {
      "weight": 0.94,
      "term": "flawless matte foundation"
    },
    {
      "weight": 0.86,
      "term": "professional matte foundation"
    },
    {
      "weight": 1.04,
      "term": "expertly applied matte foundation"
    },
    {
      "weight": 1.1,
      "term": "skillfully done matte foundation"
    },
    {
      "weight": 0.84,
      "term": "artistically applied matte foundation"
    },
    {
      "weight": 1.08,
      "term": "carefully crafted matte foundation"
    },
    {
      "weight": 0.95,
      "term": "luminous foundation"
    },
    {
      "weight": 1.02,
      "term": "(luminous foundation:1.1)"
    },
    {
      "weight": 0.85,
      "term": "with luminous foundation"
    },
    {
      "weight": 0.9,
      "term": "wearing luminous foundation"
    },
    {
      "weight": 1.17,
      "term": "beautiful luminous foundation"
    },
    {
      "weight": 0.84,
      "term": "perfect luminous foundation"
    },
    {
      "weight": 0.87,
      "term": "flawless luminous foundation"
    },
    {
      "weight": 1.01,
      "term": "professional luminous foundation"
    },
    {
      "weight": 0.96,
      "term": "expertly applied luminous foundation"
    },
    {
      "weight": 1.09,
      "term": "skillfully done luminous foundation"
    },
    {
      "weight": 1.02,
      "term": "artistically applied luminous foundation"
    },
    {
      "weight": 0.99,
      "term": "carefully crafted luminous foundation"
    },
    {
      "weight": 1.1,
      "term": "satin foundation"
    },
    {
      "weight": 1.15,
      "term": "(satin foundation:1.1)"
    },
    {
      "weight": 0.9,
      "term": "with satin foundation"
    },
    {
      "weight": 0.81,
      "term": "wearing satin foundation"
    },
    {
      "weight": 1.15,
      "term": "beautiful satin foundation"
    },
    {
      "weight": 1.04,
      "term": "perfect satin foundation"
    },
    {
      "weight": 0.9,
      "term": "flawless satin foundation"
    },
    {
      "weight": 1.17,
      "term": "professional satin foundation"
    },
    {
      "weight": 0.9,
      "term": "expertly applied satin foundation"
    },
    {
      "weight": 1.02,
      "term": "skillfully done satin foundation"
    },
    {
      "weight": 1.09,
      "term": "artistically applied satin foundation"
    },
    {
      "weight": 1.12,
      "term": "carefully crafted satin foundation"
    },
    {
      "weight": 1.05,
      "term": "airbrushed makeup"
    },
    {
      "weight": 0.89,
      "term": "(airbrushed makeup:1.1)"
    },
    {
      "weight": 1.14,
      "term": "with airbrushed makeup"
    },
    {
      "weight": 0.84,
      "term": "wearing airbrushed makeup"
    },
    {
      "weight": 1.19,
      "term": "beautiful airbrushed makeup"
    },
    {
      "weight": 1.08,
      "term": "perfect airbrushed makeup"
    },
    {
      "weight": 1.18,
      "term": "flawless airbrushed makeup"
    },
    {
      "weight": 1.16,
      "term": "professional airbrushed makeup"
    },
    {
      "weight": 0.83,
      "term": "expertly applied airbrushed makeup"
    },
    {
      "weight": 0.86,
      "term": "skillfully done airbrushed makeup"
    },
    {
      "weight": 0.82,
      "term": "artistically applied airbrushed makeup"
    },
    {
      "weight": 1.1,
      "term": "carefully crafted airbrushed makeup"
    },
    {
      "weight": 0.84,
      "term": "perfect complexion"
    },
    {
      "weight": 1.0,
      "term": "(perfect complexion:1.1)"
    },
    {
      "weight": 1.11,
      "term": "with perfect complexion"
    },
    {
      "weight": 1.17,
      "term": "wearing perfect complexion"
    },
    {
      "weight": 0.81,
      "term": "beautiful perfect complexion"
    },
    {
      "weight": 0.97,
      "term": "perfect perfect complexion"
    },
    {
      "weight": 1.15,
      "term": "flawless perfect complexion"
    },
    {
      "weight": 1.19,
      "term": "professional perfect complexion"
    },
    {
      "weight": 0.97,
      "term": "expertly applied perfect complexion"
    },
    {
      "weight": 1.07,
      "term": "skillfully done perfect complexion"
    },
    {
      "weight": 0.82,
      "term": "artistically applied perfect complexion"
    },
    {
      "weight": 0.84,
      "term": "carefully crafted perfect complexion"
    },
    {
      "weight": 1.04,
      "term": "even skin tone"
    },
    {
      "weight": 0.82,
      "term": "(even skin tone:1.1)"
    },
    {
      "weight": 1.0,
      "term": "with even skin tone"
    },
    {
      "weight": 1.1,
      "term": "wearing even skin tone"
    },
    {
      "weight": 0.92,
      "term": "beautiful even skin tone"
    },
    {
      "weight": 1.0,
      "term": "perfect even skin tone"
    },
    {
      "weight": 1.14,
      "term": "flawless even skin tone"
    },
    {
      "weight": 0.88,
      "term": "professional even skin tone"
    },
    {
      "weight": 0.91,
      "term": "expertly applied even skin tone"
    },
    {
      "weight": 1.02,
      "term": "skillfully done even skin tone"
    },
    {
      "weight": 0.99,
      "term": "artistically applied even skin tone"
    },
    {
      "weight": 1.16,
      "term": "carefully crafted even skin tone"
    },
    {
      "weight": 1.06,
      "term": "radiant skin"
    },
    {
      "weight": 0.83,
      "term": "(radiant skin:1.1)"
    },
    {
      "weight": 0.95,
      "term": "with radiant skin"
    },
    {
      "weight": 0.96,
      "term": "wearing radiant skin"
    },
    {
      "weight": 1.1,
      "term": "beautiful radiant skin"
    },
    {
      "weight": 1.1,
      "term": "perfect radiant skin"
    },
    {
      "weight": 1.09,
      "term": "flawless radiant skin"
    },
    {
      "weight": 1.18,
      "term": "professional radiant skin"
    },
    {
      "weight": 1.13,
      "term": "expertly applied radiant skin"
    },
    {
      "weight": 1.12,
      "term": "skillfully done radiant skin"
    },
    {
      "weight": 1.09,
      "term": "artistically applied radiant skin"
    },
    {
      "weight": 0.85,
      "term": "carefully crafted radiant skin"
    },
    {
      "weight": 1.19,
      "term": "glowing skin"
    },
    {
      "weight": 1.01,
      "term": "(glowing skin:1.1)"
    },
    {
      "weight": 0.93,
      "term": "with glowing skin"
    },
    {
      "weight": 1.08,
      "term": "wearing glowing skin"
    },
    {
      "weight": 1.02,
      "term": "beautiful glowing skin"
    },
    {
      "weight": 1.19,
      "term": "perfect glowing skin"
    },
    {
      "weight": 1.02,
      "term": "flawless glowing skin"
    },
    {
      "weight": 1.14,
      "term": "professional glowing skin"
    },
    {
      "weight": 1.09,
      "term": "expertly applied glowing skin"
    },
    {
      "weight": 1.08,
      "term": "skillfully done glowing skin"
    },
    {
      "weight": 0.83,
      "term": "artistically applied glowing skin"
    },
    {
      "weight": 0.82,
      "term": "carefully crafted glowing skin"
    },
    {
      "weight": 1.08,
      "term": "highlighted skin"
    },
    {
      "weight": 0.92,
      "term": "(highlighted skin:1.1)"
    },
    {
      "weight": 0.81,
      "term": "with highlighted skin"
    },
    {
      "weight": 1.07,
      "term": "wearing highlighted skin"
    },
    {
      "weight": 1.07,
      "term": "beautiful highlighted skin"
    },
    {
      "weight": 0.84,
      "term": "perfect highlighted skin"
    },
    {
      "weight": 0.92,
      "term": "flawless highlighted skin"
    },
    {
      "weight": 1.1,
      "term": "professional highlighted skin"
    },
    {
      "weight": 0.8,
      "term": "expertly applied highlighted skin"
    },
    {
      "weight": 0.89,
      "term": "skillfully done highlighted skin"
    },
    {
      "weight": 0.95,
      "term": "artistically applied highlighted skin"
    },
    {
      "weight": 0.98,
      "term": "carefully crafted highlighted skin"
    },
    {
      "weight": 1.07,
      "term": "contoured face"
    },
    {
      "weight": 1.06,
      "term": "(contoured face:1.1)"
    },
    {
      "weight": 1.11,
      "term": "with contoured face"
    },
    {
      "weight": 1.1,
      "term": "wearing contoured face"
    },
    {
      "weight": 1.06,
      "term": "beautiful contoured face"
    },
    {
      "weight": 0.83,
      "term": "perfect contoured face"
    },
    {
      "weight": 1.11,
      "term": "flawless contoured face"
    },
    {
      "weight": 1.14,
      "term": "professional contoured face"
    },
    {
      "weight": 1.13,
      "term": "expertly applied contoured face"
    },
    {
      "weight": 1.07,
      "term": "skillfully done contoured face"
    },
    {
      "weight": 1.01,
      "term": "artistically applied contoured face"
    },
    {
      "weight": 1.07,
      "term": "carefully crafted contoured face"
    },
    {
      "weight": 1.0,
      "term": "bronzed skin"
    },
    {
      "weight": 1.14,
      "term": "(bronzed skin:1.1)"
    },
    {
      "weight": 0.82,
      "term": "with bronzed skin"
    },
    {
      "weight": 1.12,
      "term": "wearing bronzed skin"
    },
    {
      "weight": 1.01,
      "term": "beautiful bronzed skin"
    },
    {
      "weight": 0.92,
      "term": "perfect bronzed skin"
    },
    {
      "weight": 1.06,
      "term": "flawless bronzed skin"
    },
    {
      "weight": 0.83,
      "term": "professional bronzed skin"
    },
    {
      "weight": 1.17,
      "term": "expertly applied bronzed skin"
    },
    {
      "weight": 1.06,
      "term": "skillfully done bronzed skin"
    },
    {
      "weight": 0.82,
      "term": "artistically applied bronzed skin"
    },
    {
      "weight": 0.88,
      "term": "carefully crafted bronzed skin"
    },
    {
      "weight": 0.84,
      "term": "porcelain skin"
    },
    {
      "weight": 0.93,
      "term": "(porcelain skin:1.1)"
    },
    {
      "weight": 0.92,
      "term": "with porcelain skin"
    },
    {
      "weight": 0.96,
      "term": "wearing porcelain skin"
    },
    {
      "weight": 0.84,
      "term": "beautiful porcelain skin"
    },
    {
      "weight": 0.82,
      "term": "perfect porcelain skin"
    },
    {
      "weight": 0.82,
      "term": "flawless porcelain skin"
    },
    {
      "weight": 1.15,
      "term": "professional porcelain skin"
    },
    {
      "weight": 0.91,
      "term": "expertly applied porcelain skin"
    },
    {
      "weight": 0.99,
      "term": "skillfully done porcelain skin"
    },
    {
      "weight": 1.15,
      "term": "artistically applied porcelain skin"
    },
    {
      "weight": 1.03,
      "term": "carefully crafted porcelain skin"
    },
    {
      "weight": 0.98,
      "term": "pink blush"
    },
    {
      "weight": 1.18,
      "term": "(pink blush:1.1)"
    },
    {
      "weight": 1.08,
      "term": "with pink blush"
    },
    {
      "weight": 0.85,
      "term": "wearing pink blush"
    },
    {
      "weight": 1.0,
      "term": "beautiful pink blush"
    },
    {
      "weight": 1.0,
      "term": "perfect pink blush"
    },
    {
      "weight": 1.09,
      "term": "flawless pink blush"
    },
    {
      "weight": 1.06,
      "term": "professional pink blush"
    },
    {
      "weight": 1.06,
      "term": "expertly applied pink blush"
    },
    {
      "weight": 1.03,
      "term": "skillfully done pink blush"
    },
    {
      "weight": 1.01,
      "term": "artistically applied pink blush"
    },
    {
      "weight": 1.15,
      "term": "carefully crafted pink blush"
    },
    {
      "weight": 1.2,
      "term": "peach blush"
    },
    {
      "weight": 0.93,
      "term": "(peach blush:1.1)"
    },
    {
      "weight": 0.89,
      "term": "with peach blush"
    },
    {
      "weight": 0.98,
      "term": "wearing peach blush"
    },
    {
      "weight": 0.83,
      "term": "beautiful peach blush"
    },
    {
      "weight": 1.19,
      "term": "perfect peach blush"
    },
    {
      "weight": 1.08,
      "term": "flawless peach blush"
    },
    {
      "weight": 1.18,
      "term": "professional peach blush"
    },
    {
      "weight": 1.01,
      "term": "expertly applied peach blush"
    },
    {
      "weight": 0.87,
      "term": "skillfully done peach blush"
    },
    {
      "weight": 0.89,
      "term": "artistically applied peach blush"
    },
    {
      "weight": 0.98,
      "term": "carefully crafted peach blush"
    },
    {
      "weight": 0.87,
      "term": "coral blush"
    },
    {
      "weight": 1.11,
      "term": "(coral blush:1.1)"
    },
    {
      "weight": 1.17,
      "term": "with coral blush"
    },
    {
      "weight": 0.92,
      "term": "wearing coral blush"
    },
    {
      "weight": 0.93,
      "term": "beautiful coral blush"
    },
    {
      "weight": 1.11,
      "term": "perfect coral blush"
    },
    {
      "weight": 1.02,
      "term": "flawless coral blush"
    },
    {
      "weight": 1.02,
      "term": "professional coral blush"
    },
    {
      "weight": 1.05,
      "term": "expertly applied coral blush"
    },
    {
      "weight": 1.12,
      "term": "skillfully done coral blush"
    },
    {
      "weight": 1.08,
      "term": "artistically applied coral blush"
    },
    {
      "weight": 0.92,
      "term": "carefully crafted coral blush"
    },
    {
      "weight": 0.84,
      "term": "rose blush"
    },
    {
      "weight": 0.96,
      "term": "(rose blush:1.1)"
    },
    {
      "weight": 1.18,
      "term": "with rose blush"
    },
    {
      "weight": 0.82,
      "term": "wearing rose blush"
    },
    {
      "weight": 0.88,
      "term": "beautiful rose blush"
    },
    {
      "weight": 0.94,
      "term": "perfect rose blush"
    },
    {
      "weight": 1.16,
      "term": "flawless rose blush"
    },
    {
      "weight": 0.83,
      "term": "professional rose blush"
    },
    {
      "weight": 1.11,
      "term": "expertly applied rose blush"
    },
    {
      "weight": 1.19,
      "term": "skillfully done rose blush"
    },
    {
      "weight": 0.84,
      "term": "artistically applied rose blush"
    },
    {
      "weight": 1.17,
      "term": "carefully crafted rose blush"
    },
    {
      "weight": 1.01,
      "term": "berry blush"
    },
    {
      "weight": 1.16,
      "term": "(berry blush:1.1)"
    },
    {
      "weight": 0.84,
      "term": "with berry blush"
    },
    {
      "weight": 0.82,
      "term": "wearing berry blush"
    },
    {
      "weight": 0.8,
      "term": "beautiful berry blush"
    },
    {
      "weight": 1.0,
      "term": "perfect berry blush"
    },
    {
      "weight": 0.93,
      "term": "flawless berry blush"
    },
    {
      "weight": 0.95,
      "term": "professional berry blush"
    },
    {
      "weight": 1.09,
      "term": "expertly applied berry blush"
    },
    {
      "weight": 1.13,
      "term": "skillfully done berry blush"
    },
    {
      "weight": 0.92,
      "term": "artistically applied berry blush"
    },
    {
      "weight": 0.86,
      "term": "carefully crafted berry blush"
    },
    {
      "weight": 1.1,
      "term": "natural blush"
    },
    {
      "weight": 1.08,
      "term": "(natural blush:1.1)"
    },
    {
      "weight": 1.04,
      "term": "with natural blush"
    },
    {
      "weight": 1.15,
      "term": "wearing natural blush"
    },
    {
      "weight": 0.84,
      "term": "beautiful natural blush"
    },
    {
      "weight": 0.8,
      "term": "perfect natural blush"
    },
    {
      "weight": 0.92,
      "term": "flawless natural blush"
    },
    {
      "weight": 1.12,
      "term": "professional natural blush"
    },
    {
      "weight": 1.0,
      "term": "expertly applied natural blush"
    },
    {
      "weight": 1.15,
      "term": "skillfully done natural blush"
    },
    {
      "weight": 1.02,
      "term": "artistically applied natural blush"
    },
    {
      "weight": 0.98,
      "term": "carefully crafted natural blush"
    },
    {
      "weight": 0.87,
      "term": "subtle blush"
    },
    {
      "weight": 1.15,
      "term": "(subtle blush:1.1)"
    },
    {
      "weight": 1.01,
      "term": "with subtle blush"
    },
    {
      "weight": 1.11,
      "term": "wearing subtle blush"
    },
    {
      "weight": 0.97,
      "term": "beautiful subtle blush"
    },
    {
      "weight": 0.98,
      "term": "perfect subtle blush"
    },
    {
      "weight": 0.98,
      "term": "flawless subtle blush"
    },
    {
      "weight": 1.03,
      "term": "professional subtle blush"
    },
    {
      "weight": 0.87,
      "term": "expertly applied subtle blush"
    },
    {
      "weight": 1.16,
      "term": "skillfully done subtle blush"
    },
    {
      "weight": 0.98,
      "term": "artistically applied subtle blush"
    },
    {
      "weight": 1.16,
      "term": "carefully crafted subtle blush"
    },
    {
      "weight": 1.09,
      "term": "rosy cheeks"
    },
    {
      "weight": 1.03,
      "term": "(rosy cheeks:1.1)"
    },
    {
      "weight": 1.02,
      "term": "with rosy cheeks"
    },
    {
      "weight": 0.92,
      "term": "wearing rosy cheeks"
    },
    {
      "weight": 1.19,
      "term": "beautiful rosy cheeks"
    },
    {
      "weight": 0.91,
      "term": "perfect rosy cheeks"
    },
    {
      "weight": 1.16,
      "term": "flawless rosy cheeks"
    },
    {
      "weight": 1.05,
      "term": "professional rosy cheeks"
    },
    {
      "weight": 1.13,
      "term": "expertly applied rosy cheeks"
    },
    {
      "weight": 0.85,
      "term": "skillfully done rosy cheeks"
    },
    {
      "weight": 1.04,
      "term": "artistically applied rosy cheeks"
    },
    {
      "weight": 1.14,
      "term": "carefully crafted rosy cheeks"
    },
    {
      "weight": 0.89,
      "term": "flushed cheeks"
    },
    {
      "weight": 1.18,
      "term": "(flushed cheeks:1.1)"
    },
    {
      "weight": 1.08,
      "term": "with flushed cheeks"
    },
    {
      "weight": 0.91,
      "term": "wearing flushed cheeks"
    },
    {
      "weight": 0.98,
      "term": "beautiful flushed cheeks"
    },
    {
      "weight": 0.93,
      "term": "perfect flushed cheeks"
    },
    {
      "weight": 0.82,
      "term": "flawless flushed cheeks"
    },
    {
      "weight": 0.91,
      "term": "professional flushed cheeks"
    },
    {
      "weight": 1.12,
      "term": "expertly applied flushed cheeks"
    },
    {
      "weight": 1.14,
      "term": "skillfully done flushed cheeks"
    },
    {
      "weight": 0.91,
      "term": "artistically applied flushed cheeks"
    },
    {
      "weight": 1.03,
      "term": "carefully crafted flushed cheeks"
    },
    {
      "weight": 0.89,
      "term": "healthy glow"
    },
    {
      "weight": 0.96,
      "term": "(healthy glow:1.1)"
    },
    {
      "weight": 0.97,
      "term": "with healthy glow"
    },
    {
      "weight": 0.95,
      "term": "wearing healthy glow"
    },
    {
      "weight": 1.09,
      "term": "beautiful healthy glow"
    },
    {
      "weight": 1.04,
      "term": "perfect healthy glow"
    },
    {
      "weight": 0.87,
      "term": "flawless healthy glow"
    },
    {
      "weight": 0.86,
      "term": "professional healthy glow"
    },
    {
      "weight": 1.07,
      "term": "expertly applied healthy glow"
    },
    {
      "weight": 1.1,
      "term": "skillfully done healthy glow"
    },
    {
      "weight": 0.82,
      "term": "artistically applied healthy glow"
    },
    {
      "weight": 1.2,
      "term": "carefully crafted healthy glow"
    },
    {
      "weight": 1.09,
      "term": "sun-kissed cheeks"
    },
    {
      "weight": 0.97,
      "term": "(sun-kissed cheeks:1.1)"
    },
    {
      "weight": 1.12,
      "term": "with sun-kissed cheeks"
    },
    {
      "weight": 0.88,
      "term": "wearing sun-kissed cheeks"
    },
    {
      "weight": 1.11,
      "term": "beautiful sun-kissed cheeks"
    },
    {
      "weight": 1.04,
      "term": "perfect sun-kissed cheeks"
    },
    {
      "weight": 0.94,
      "term": "flawless sun-kissed cheeks"
    },
    {
      "weight": 0.84,
      "term": "professional sun-kissed cheeks"
    },
    {
      "weight": 1.07,
      "term": "expertly applied sun-kissed cheeks"
    },
    {
      "weight": 0.93,
      "term": "skillfully done sun-kissed cheeks"
    },
    {
      "weight": 0.82,
      "term": "artistically applied sun-kissed cheeks"
    },
    {
      "weight": 0.86,
      "term": "carefully crafted sun-kissed cheeks"
    },
    {
      "weight": 1.01,
      "term": "highlighted cheeks"
    },
    {
      "weight": 1.18,
      "term": "(highlighted cheeks:1.1)"
    },
    {
      "weight": 1.09,
      "term": "with highlighted cheeks"
    },
    {
      "weight": 0.93,
      "term": "wearing highlighted cheeks"
    },
    {
      "weight": 0.98,
      "term": "beautiful highlighted cheeks"
    },
    {
      "weight": 0.87,
      "term": "perfect highlighted cheeks"
    },
    {
      "weight": 1.17,
      "term": "flawless highlighted cheeks"
    },
    {
      "weight": 0.92,
      "term": "professional highlighted cheeks"
    },
    {
      "weight": 1.13,
      "term": "expertly applied highlighted cheeks"
    },
    {
      "weight": 1.19,
      "term": "skillfully done highlighted cheeks"
    },
    {
      "weight": 1.07,
      "term": "artistically applied highlighted cheeks"
    },
    {
      "weight": 1.15,
      "term": "carefully crafted highlighted cheeks"
    },
    {
      "weight": 0.89,
      "term": "defined cheekbones"
    },
    {
      "weight": 0.9,
      "term": "(defined cheekbones:1.1)"
    },
    {
      "weight": 1.16,
      "term": "with defined cheekbones"
    },
    {
      "weight": 1.2,
      "term": "wearing defined cheekbones"
    },
    {
      "weight": 1.07,
      "term": "beautiful defined cheekbones"
    },
    {
      "weight": 0.96,
      "term": "perfect defined cheekbones"
    },
    {
      "weight": 0.91,
      "term": "flawless defined cheekbones"
    },
    {
      "weight": 1.11,
      "term": "professional defined cheekbones"
    },
    {
      "weight": 1.03,
      "term": "expertly applied defined cheekbones"
    },
    {
      "weight": 1.1,
      "term": "skillfully done defined cheekbones"
    },
    {
      "weight": 0.96,
      "term": "artistically applied defined cheekbones"
    },
    {
      "weight": 0.96,
      "term": "carefully crafted defined cheekbones"
    },
    {
      "weight": 1.11,
      "term": "natural brows"
    },
    {
      "weight": 0.86,
      "term": "(natural brows:1.1)"
    },
    {
      "weight": 1.07,
      "term": "with natural brows"
    },
    {
      "weight": 1.02,
      "term": "wearing natural brows"
    },
    {
      "weight": 1.18,
      "term": "beautiful natural brows"
    },
    {
      "weight": 1.18,
      "term": "perfect natural brows"
    },
    {
      "weight": 0.99,
      "term": "flawless natural brows"
    },
    {
      "weight": 0.86,
      "term": "professional natural brows"
    },
    {
      "weight": 0.96,
      "term": "expertly applied natural brows"
    },
    {
      "weight": 1.11,
      "term": "skillfully done natural brows"
    },
    {
      "weight": 0.97,
      "term": "artistically applied natural brows"
    },
    {
      "weight": 1.1,
      "term": "carefully crafted natural brows"
    },
    {
      "weight": 0.94,
      "term": "defined brows"
    },
    {
      "weight": 1.18,
      "term": "(defined brows:1.1)"
    },
    {
      "weight": 1.2,
      "term": "with defined brows"
    },
    {
      "weight": 1.14,
      "term": "wearing defined brows"
    },
    {
      "weight": 0.91,
      "term": "beautiful defined brows"
    },
    {
      "weight": 1.19,
      "term": "perfect defined brows"
    },
    {
      "weight": 1.09,
      "term": "flawless defined brows"
    },
    {
      "weight": 1.16,
      "term": "professional defined brows"
    },
    {
      "weight": 0.91,
      "term": "expertly applied defined brows"
    },
    {
      "weight": 1.03,
      "term": "skillfully done defined brows"
    },
    {
      "weight": 1.12,
      "term": "artistically applied defined brows"
    },
    {
      "weight": 1.17,
      "term": "carefully crafted defined brows"
    },
    {
      "weight": 1.1,
      "term": "bold brows"
    },
    {
      "weight": 1.15,
      "term": "(bold brows:1.1)"
    },
    {
      "weight": 1.08,
      "term": "with bold brows"
    },
    {
      "weight": 1.04,
      "term": "wearing bold brows"
    },
    {
      "weight": 1.11,
      "term": "beautiful bold brows"
    },
    {
      "weight": 1.07,
      "term": "perfect bold brows"
    },
    {
      "weight": 0.99,
      "term": "flawless bold brows"
    },
    {
      "weight": 1.2,
      "term": "professional bold brows"
    },
    {
      "weight": 1.06,
      "term": "expertly applied bold brows"
    },
    {
      "weight": 1.15,
      "term": "skillfully done bold brows"
    },
    {
      "weight": 0.96,
      "term": "artistically applied bold brows"
    },
    {
      "weight": 0.85,
      "term": "carefully crafted bold brows"
    },
    {
      "weight": 1.07,
      "term": "subtle brows"
    },
    {
      "weight": 0.85,
      "term": "(subtle brows:1.1)"
    },
    {
      "weight": 1.06,
      "term": "with subtle brows"
    },
    {
      "weight": 1.1,
      "term": "wearing subtle brows"
    },
    {
      "weight": 1.13,
      "term": "beautiful subtle brows"
    },
    {
      "weight": 0.83,
      "term": "perfect subtle brows"
    },
    {
      "weight": 0.87,
      "term": "flawless subtle brows"
    },
    {
      "weight": 0.92,
      "term": "professional subtle brows"
    },
    {
      "weight": 0.91,
      "term": "expertly applied subtle brows"
    },
    {
      "weight": 1.11,
      "term": "skillfully done subtle brows"
    },
    {
      "weight": 1.05,
      "term": "artistically applied subtle brows"
    },
    {
      "weight": 0.96,
      "term": "carefully crafted subtle brows"
    },
    {
      "weight": 1.12,
      "term": "groomed brows"
    },
    {
      "weight": 0.85,
      "term": "(groomed brows:1.1)"
    },
    {
      "weight": 1.19,
      "term": "with groomed brows"
    },
    {
      "weight": 1.08,
      "term": "wearing groomed brows"
    },
    {
      "weight": 0.86,
      "term": "beautiful groomed brows"
    },
    {
      "weight": 0.9,
      "term": "perfect groomed brows"
    },
    {
      "weight": 1.08,
      "term": "flawless groomed brows"
    },
    {
      "weight": 0.93,
      "term": "professional groomed brows"
    },
    {
      "weight": 1.16,
      "term": "expertly applied groomed brows"
    },
    {
      "weight": 0.91,
      "term": "skillfully done groomed brows"
    },
    {
      "weight": 1.19,
      "term": "artistically applied groomed brows"
    },
    {
      "weight": 1.18,
      "term": "carefully crafted groomed brows"
    },
    {
      "weight": 0.9,
      "term": "shaped brows"
    },
    {
      "weight": 0.98,
      "term": "(shaped brows:1.1)"
    },
    {
      "weight": 0.83,
      "term": "with shaped brows"
    },
    {
      "weight": 1.11,
      "term": "wearing shaped brows"
    },
    {
      "weight": 0.86,
      "term": "beautiful shaped brows"
    },
    {
      "weight": 1.13,
      "term": "perfect shaped brows"
    },
    {
      "weight": 0.81,
      "term": "flawless shaped brows"
    },
    {
      "weight": 1.07,
      "term": "professional shaped brows"
    },
    {
      "weight": 0.88,
      "term": "expertly applied shaped brows"
    },
    {
      "weight": 1.17,
      "term": "skillfully done shaped brows"
    },
    {
      "weight": 0.8,
      "term": "artistically applied shaped brows"
    },
    {
      "weight": 0.89,
      "term": "carefully crafted shaped brows"
    },
    {
      "weight": 1.01,
      "term": "filled brows"
    },
    {
      "weight": 1.15,
      "term": "(filled brows:1.1)"
    },
    {
      "weight": 1.2,
      "term": "with filled brows"
    },
    {
      "weight": 1.11,
      "term": "wearing filled brows"
    },
    {
      "weight": 1.2,
      "term": "beautiful filled brows"
    },
    {
      "weight": 0.83,
      "term": "perfect filled brows"
    },
    {
      "weight": 0.82,
      "term": "flawless filled brows"
    },
    {
      "weight": 0.91,
      "term": "professional filled brows"
    },
    {
      "weight": 0.83,
      "term": "expertly applied filled brows"
    },
    {
      "weight": 1.02,
      "term": "skillfully done filled brows"
    },
    {
      "weight": 1.2,
      "term": "artistically applied filled brows"
    },
    {
      "weight": 1.13,
      "term": "carefully crafted filled brows"
    },
    {
      "weight": 1.1,
      "term": "tinted brows"
    },
    {
      "weight": 1.1,
      "term": "(tinted brows:1.1)"
    },
    {
      "weight": 0.89,
      "term": "with tinted brows"
    },
    {
      "weight": 0.84,
      "term": "wearing tinted brows"
    },
    {
      "weight": 1.0,
      "term": "beautiful tinted brows"
    },
    {
      "weight": 1.01,
      "term": "perfect tinted brows"
    },
    {
      "weight": 0.88,
      "term": "flawless tinted brows"
    },
    {
      "weight": 1.14,
      "term": "professional tinted brows"
    },
    {
      "weight": 1.12,
      "term": "expertly applied tinted brows"
    },
    {
      "weight": 0.91,
      "term": "skillfully done tinted brows"
    },
    {
      "weight": 0.82,
      "term": "artistically applied tinted brows"
    },
    {
      "weight": 1.19,
      "term": "carefully crafted tinted brows"
    },
    {
      "weight": 1.12,
      "term": "feathered brows"
    },
    {
      "weight": 1.19,
      "term": "(feathered brows:1.1)"
    },
    {
      "weight": 1.03,
      "term": "with feathered brows"
    },
    {
      "weight": 0.99,
      "term": "wearing feathered brows"
    },
    {
      "weight": 1.11,
      "term": "beautiful feathered brows"
    },
    {
      "weight": 0.83,
      "term": "perfect feathered brows"
    },
    {
      "weight": 1.06,
      "term": "flawless feathered brows"
    },
    {
      "weight": 0.99,
      "term": "professional feathered brows"
    },
    {
      "weight": 1.1,
      "term": "expertly applied feathered brows"
    },
    {
      "weight": 0.91,
      "term": "skillfully done feathered brows"
    },
    {
      "weight": 1.14,
      "term": "artistically applied feathered brows"
    },
    {
      "weight": 0.91,
      "term": "carefully crafted feathered brows"
    },
    {
      "weight": 0.94,
      "term": "laminated brows"
    },
    {
      "weight": 1.03,
      "term": "(laminated brows:1.1)"
    },
    {
      "weight": 1.11,
      "term": "with laminated brows"
    },
    {
      "weight": 0.82,
      "term": "wearing laminated brows"
    },
    {
      "weight": 1.18,
      "term": "beautiful laminated brows"
    },
    {
      "weight": 1.17,
      "term": "perfect laminated brows"
    },
    {
      "weight": 0.93,
      "term": "flawless laminated brows"
    },
    {
      "weight": 0.93,
      "term": "professional laminated brows"
    },
    {
      "weight": 0.94,
      "term": "expertly applied laminated brows"
    },
    {
      "weight": 0.83,
      "term": "skillfully done laminated brows"
    },
    {
      "weight": 0.81,
      "term": "artistically applied laminated brows"
    },
    {
      "weight": 1.01,
      "term": "carefully crafted laminated brows"
    },
    {
      "weight": 1.13,
      "term": "sculpted brows"
    },
    {
      "weight": 0.94,
      "term": "(sculpted brows:1.1)"
    },
    {
      "weight": 1.09,
      "term": "with sculpted brows"
    },
    {
      "weight": 1.0,
      "term": "wearing sculpted brows"
    },
    {
      "weight": 1.08,
      "term": "beautiful sculpted brows"
    },
    {
      "weight": 1.06,
      "term": "perfect sculpted brows"
    },
    {
      "weight": 1.15,
      "term": "flawless sculpted brows"
    },
    {
      "weight": 0.96,
      "term": "professional sculpted brows"
    },
    {
      "weight": 0.95,
      "term": "expertly applied sculpted brows"
    },
    {
      "weight": 1.12,
      "term": "skillfully done sculpted brows"
    },
    {
      "weight": 1.13,
      "term": "artistically applied sculpted brows"
    },
    {
      "weight": 1.15,
      "term": "carefully crafted sculpted brows"
    },
    {
      "weight": 1.09,
      "term": "soft brows"
    },
    {
      "weight": 0.95,
      "term": "(soft brows:1.1)"
    },
    {
      "weight": 0.86,
      "term": "with soft brows"
    },
    {
      "weight": 0.81,
      "term": "wearing soft brows"
    },
    {
      "weight": 1.18,
      "term": "beautiful soft brows"
    },
    {
      "weight": 1.06,
      "term": "perfect soft brows"
    },
    {
      "weight": 0.87,
      "term": "flawless soft brows"
    },
    {
      "weight": 1.18,
      "term": "professional soft brows"
    },
    {
      "weight": 0.94,
      "term": "expertly applied soft brows"
    },
    {
      "weight": 0.82,
      "term": "skillfully done soft brows"
    },
    {
      "weight": 1.17,
      "term": "artistically applied soft brows"
    },
    {
      "weight": 1.12,
      "term": "carefully crafted soft brows"
    }
  ]
}