{
  "name": "Quality & Style",
  "description": "图像质量与风格词库 - 定义图像的最终质感、清晰度和艺术风格",
  "category": "quality_style",
  "total_entries": 1060,
  "entries": [
    {
      "weight": 0.83,
      "term": "photorealistic"
    },
    {
      "weight": 0.94,
      "term": "(photorealistic:1.1)"
    },
    {
      "weight": 1.04,
      "term": "(photorealistic:1.2)"
    },
    {
      "weight": 1.01,
      "term": "(photorealistic:1.3)"
    },
    {
      "weight": 1.03,
      "term": "professional photorealistic"
    },
    {
      "weight": 0.86,
      "term": "high-quality photorealistic"
    },
    {
      "weight": 1.19,
      "term": "expert photorealistic"
    },
    {
      "weight": 1.17,
      "term": "masterful photorealistic"
    },
    {
      "weight": 0.86,
      "term": "superior photorealistic"
    },
    {
      "weight": 1.02,
      "term": "premium photorealistic"
    },
    {
      "weight": 1.1,
      "term": "hyper-realistic"
    },
    {
      "weight": 0.94,
      "term": "(hyper-realistic:1.1)"
    },
    {
      "weight": 1.12,
      "term": "(hyper-realistic:1.2)"
    },
    {
      "weight": 0.81,
      "term": "(hyper-realistic:1.3)"
    },
    {
      "weight": 0.89,
      "term": "professional hyper-realistic"
    },
    {
      "weight": 0.95,
      "term": "high-quality hyper-realistic"
    },
    {
      "weight": 0.8,
      "term": "expert hyper-realistic"
    },
    {
      "weight": 0.94,
      "term": "masterful hyper-realistic"
    },
    {
      "weight": 0.95,
      "term": "superior hyper-realistic"
    },
    {
      "weight": 0.84,
      "term": "premium hyper-realistic"
    },
    {
      "weight": 1.06,
      "term": "ultra-realistic"
    },
    {
      "weight": 1.01,
      "term": "(ultra-realistic:1.1)"
    },
    {
      "weight": 0.92,
      "term": "(ultra-realistic:1.2)"
    },
    {
      "weight": 0.86,
      "term": "(ultra-realistic:1.3)"
    },
    {
      "weight": 0.87,
      "term": "professional ultra-realistic"
    },
    {
      "weight": 1.1,
      "term": "high-quality ultra-realistic"
    },
    {
      "weight": 1.18,
      "term": "expert ultra-realistic"
    },
    {
      "weight": 0.96,
      "term": "masterful ultra-realistic"
    },
    {
      "weight": 0.85,
      "term": "superior ultra-realistic"
    },
    {
      "weight": 1.17,
      "term": "premium ultra-realistic"
    },
    {
      "weight": 0.84,
      "term": "lifelike"
    },
    {
      "weight": 1.17,
      "term": "(lifelike:1.1)"
    },
    {
      "weight": 0.82,
      "term": "(lifelike:1.2)"
    },
    {
      "weight": 0.86,
      "term": "(lifelike:1.3)"
    },
    {
      "weight": 0.91,
      "term": "professional lifelike"
    },
    {
      "weight": 0.98,
      "term": "high-quality lifelike"
    },
    {
      "weight": 1.11,
      "term": "expert lifelike"
    },
    {
      "weight": 1.05,
      "term": "masterful lifelike"
    },
    {
      "weight": 1.02,
      "term": "superior lifelike"
    },
    {
      "weight": 0.89,
      "term": "premium lifelike"
    },
    {
      "weight": 0.83,
      "term": "highly detailed"
    },
    {
      "weight": 1.06,
      "term": "(highly detailed:1.1)"
    },
    {
      "weight": 1.08,
      "term": "(highly detailed:1.2)"
    },
    {
      "weight": 1.17,
      "term": "(highly detailed:1.3)"
    },
    {
      "weight": 0.81,
      "term": "professional highly detailed"
    },
    {
      "weight": 1.16,
      "term": "high-quality highly detailed"
    },
    {
      "weight": 0.94,
      "term": "expert highly detailed"
    },
    {
      "weight": 0.82,
      "term": "masterful highly detailed"
    },
    {
      "weight": 0.85,
      "term": "superior highly detailed"
    },
    {
      "weight": 0.93,
      "term": "premium highly detailed"
    },
    {
      "weight": 0.84,
      "term": "ultra-detailed"
    },
    {
      "weight": 1.04,
      "term": "(ultra-detailed:1.1)"
    },
    {
      "weight": 0.85,
      "term": "(ultra-detailed:1.2)"
    },
    {
      "weight": 0.8,
      "term": "(ultra-detailed:1.3)"
    },
    {
      "weight": 0.93,
      "term": "professional ultra-detailed"
    },
    {
      "weight": 0.82,
      "term": "high-quality ultra-detailed"
    },
    {
      "weight": 1.16,
      "term": "expert ultra-detailed"
    },
    {
      "weight": 1.14,
      "term": "masterful ultra-detailed"
    },
    {
      "weight": 1.02,
      "term": "superior ultra-detailed"
    },
    {
      "weight": 0.9,
      "term": "premium ultra-detailed"
    },
    {
      "weight": 1.09,
      "term": "extremely detailed"
    },
    {
      "weight": 1.08,
      "term": "(extremely detailed:1.1)"
    },
    {
      "weight": 0.92,
      "term": "(extremely detailed:1.2)"
    },
    {
      "weight": 1.19,
      "term": "(extremely detailed:1.3)"
    },
    {
      "weight": 1.07,
      "term": "professional extremely detailed"
    },
    {
      "weight": 1.17,
      "term": "high-quality extremely detailed"
    },
    {
      "weight": 1.11,
      "term": "expert extremely detailed"
    },
    {
      "weight": 0.97,
      "term": "masterful extremely detailed"
    },
    {
      "weight": 1.11,
      "term": "superior extremely detailed"
    },
    {
      "weight": 1.0,
      "term": "premium extremely detailed"
    },
    {
      "weight": 1.09,
      "term": "intricate details"
    },
    {
      "weight": 0.94,
      "term": "(intricate details:1.1)"
    },
    {
      "weight": 0.83,
      "term": "(intricate details:1.2)"
    },
    {
      "weight": 1.11,
      "term": "(intricate details:1.3)"
    },
    {
      "weight": 0.86,
      "term": "professional intricate details"
    },
    {
      "weight": 1.17,
      "term": "high-quality intricate details"
    },
    {
      "weight": 1.03,
      "term": "expert intricate details"
    },
    {
      "weight": 0.97,
      "term": "masterful intricate details"
    },
    {
      "weight": 1.2,
      "term": "superior intricate details"
    },
    {
      "weight": 0.94,
      "term": "premium intricate details"
    },
    {
      "weight": 1.04,
      "term": "sharp focus"
    },
    {
      "weight": 0.89,
      "term": "(sharp focus:1.1)"
    },
    {
      "weight": 1.07,
      "term": "(sharp focus:1.2)"
    },
    {
      "weight": 1.15,
      "term": "(sharp focus:1.3)"
    },
    {
      "weight": 1.05,
      "term": "professional sharp focus"
    },
    {
      "weight": 0.94,
      "term": "high-quality sharp focus"
    },
    {
      "weight": 0.83,
      "term": "expert sharp focus"
    },
    {
      "weight": 0.87,
      "term": "masterful sharp focus"
    },
    {
      "weight": 1.01,
      "term": "superior sharp focus"
    },
    {
      "weight": 1.16,
      "term": "premium sharp focus"
    },
    {
      "weight": 0.92,
      "term": "tack sharp"
    },
    {
      "weight": 0.82,
      "term": "(tack sharp:1.1)"
    },
    {
      "weight": 1.18,
      "term": "(tack sharp:1.2)"
    },
    {
      "weight": 0.83,
      "term": "(tack sharp:1.3)"
    },
    {
      "weight": 0.9,
      "term": "professional tack sharp"
    },
    {
      "weight": 1.05,
      "term": "high-quality tack sharp"
    },
    {
      "weight": 0.85,
      "term": "expert tack sharp"
    },
    {
      "weight": 0.93,
      "term": "masterful tack sharp"
    },
    {
      "weight": 0.87,
      "term": "superior tack sharp"
    },
    {
      "weight": 0.85,
      "term": "premium tack sharp"
    },
    {
      "weight": 1.17,
      "term": "crystal clear"
    },
    {
      "weight": 1.05,
      "term": "(crystal clear:1.1)"
    },
    {
      "weight": 0.95,
      "term": "(crystal clear:1.2)"
    },
    {
      "weight": 0.95,
      "term": "(crystal clear:1.3)"
    },
    {
      "weight": 1.12,
      "term": "professional crystal clear"
    },
    {
      "weight": 0.85,
      "term": "high-quality crystal clear"
    },
    {
      "weight": 0.89,
      "term": "expert crystal clear"
    },
    {
      "weight": 1.09,
      "term": "masterful crystal clear"
    },
    {
      "weight": 0.84,
      "term": "superior crystal clear"
    },
    {
      "weight": 0.94,
      "term": "premium crystal clear"
    },
    {
      "weight": 0.85,
      "term": "high definition"
    },
    {
      "weight": 0.83,
      "term": "(high definition:1.1)"
    },
    {
      "weight": 0.83,
      "term": "(high definition:1.2)"
    },
    {
      "weight": 1.16,
      "term": "(high definition:1.3)"
    },
    {
      "weight": 0.82,
      "term": "professional high definition"
    },
    {
      "weight": 1.06,
      "term": "high-quality high definition"
    },
    {
      "weight": 1.08,
      "term": "expert high definition"
    },
    {
      "weight": 0.95,
      "term": "masterful high definition"
    },
    {
      "weight": 1.12,
      "term": "superior high definition"
    },
    {
      "weight": 1.1,
      "term": "premium high definition"
    },
    {
      "weight": 0.94,
      "term": "ultra high definition"
    },
    {
      "weight": 1.13,
      "term": "(ultra high definition:1.1)"
    },
    {
      "weight": 1.09,
      "term": "(ultra high definition:1.2)"
    },
    {
      "weight": 0.96,
      "term": "(ultra high definition:1.3)"
    },
    {
      "weight": 0.94,
      "term": "professional ultra high definition"
    },
    {
      "weight": 0.98,
      "term": "high-quality ultra high definition"
    },
    {
      "weight": 1.02,
      "term": "expert ultra high definition"
    },
    {
      "weight": 1.13,
      "term": "masterful ultra high definition"
    },
    {
      "weight": 0.87,
      "term": "superior ultra high definition"
    },
    {
      "weight": 1.07,
      "term": "premium ultra high definition"
    },
    {
      "weight": 0.95,
      "term": "4K"
    },
    {
      "weight": 0.98,
      "term": "(4K:1.1)"
    },
    {
      "weight": 0.96,
      "term": "(4K:1.2)"
    },
    {
      "weight": 1.11,
      "term": "(4K:1.3)"
    },
    {
      "weight": 1.19,
      "term": "professional 4K"
    },
    {
      "weight": 1.03,
      "term": "high-quality 4K"
    },
    {
      "weight": 0.87,
      "term": "expert 4K"
    },
    {
      "weight": 1.05,
      "term": "masterful 4K"
    },
    {
      "weight": 1.17,
      "term": "superior 4K"
    },
    {
      "weight": 0.92,
      "term": "premium 4K"
    },
    {
      "weight": 1.13,
      "term": "8K"
    },
    {
      "weight": 0.99,
      "term": "(8K:1.1)"
    },
    {
      "weight": 1.2,
      "term": "(8K:1.2)"
    },
    {
      "weight": 1.15,
      "term": "(8K:1.3)"
    },
    {
      "weight": 0.85,
      "term": "professional 8K"
    },
    {
      "weight": 1.06,
      "term": "high-quality 8K"
    },
    {
      "weight": 1.02,
      "term": "expert 8K"
    },
    {
      "weight": 1.12,
      "term": "masterful 8K"
    },
    {
      "weight": 1.07,
      "term": "superior 8K"
    },
    {
      "weight": 0.86,
      "term": "premium 8K"
    },
    {
      "weight": 0.85,
      "term": "high resolution"
    },
    {
      "weight": 1.08,
      "term": "(high resolution:1.1)"
    },
    {
      "weight": 1.17,
      "term": "(high resolution:1.2)"
    },
    {
      "weight": 1.15,
      "term": "(high resolution:1.3)"
    },
    {
      "weight": 0.96,
      "term": "professional high resolution"
    },
    {
      "weight": 1.15,
      "term": "high-quality high resolution"
    },
    {
      "weight": 1.09,
      "term": "expert high resolution"
    },
    {
      "weight": 1.17,
      "term": "masterful high resolution"
    },
    {
      "weight": 1.08,
      "term": "superior high resolution"
    },
    {
      "weight": 1.2,
      "term": "premium high resolution"
    },
    {
      "weight": 0.82,
      "term": "ultra high resolution"
    },
    {
      "weight": 1.04,
      "term": "(ultra high resolution:1.1)"
    },
    {
      "weight": 0.95,
      "term": "(ultra high resolution:1.2)"
    },
    {
      "weight": 1.1,
      "term": "(ultra high resolution:1.3)"
    },
    {
      "weight": 0.84,
      "term": "professional ultra high resolution"
    },
    {
      "weight": 0.91,
      "term": "high-quality ultra high resolution"
    },
    {
      "weight": 0.82,
      "term": "expert ultra high resolution"
    },
    {
      "weight": 0.93,
      "term": "masterful ultra high resolution"
    },
    {
      "weight": 1.04,
      "term": "superior ultra high resolution"
    },
    {
      "weight": 1.05,
      "term": "premium ultra high resolution"
    },
    {
      "weight": 1.13,
      "term": "professional quality"
    },
    {
      "weight": 0.97,
      "term": "(professional quality:1.1)"
    },
    {
      "weight": 0.92,
      "term": "(professional quality:1.2)"
    },
    {
      "weight": 0.88,
      "term": "(professional quality:1.3)"
    },
    {
      "weight": 1.08,
      "term": "professional professional quality"
    },
    {
      "weight": 0.93,
      "term": "high-quality professional quality"
    },
    {
      "weight": 1.11,
      "term": "expert professional quality"
    },
    {
      "weight": 1.13,
      "term": "masterful professional quality"
    },
    {
      "weight": 1.16,
      "term": "superior professional quality"
    },
    {
      "weight": 1.13,
      "term": "premium professional quality"
    },
    {
      "weight": 0.9,
      "term": "commercial grade"
    },
    {
      "weight": 1.09,
      "term": "(commercial grade:1.1)"
    },
    {
      "weight": 1.01,
      "term": "(commercial grade:1.2)"
    },
    {
      "weight": 1.0,
      "term": "(commercial grade:1.3)"
    },
    {
      "weight": 1.13,
      "term": "professional commercial grade"
    },
    {
      "weight": 1.2,
      "term": "high-quality commercial grade"
    },
    {
      "weight": 0.97,
      "term": "expert commercial grade"
    },
    {
      "weight": 1.18,
      "term": "masterful commercial grade"
    },
    {
      "weight": 1.03,
      "term": "superior commercial grade"
    },
    {
      "weight": 0.91,
      "term": "premium commercial grade"
    },
    {
      "weight": 1.0,
      "term": "magazine quality"
    },
    {
      "weight": 1.14,
      "term": "(magazine quality:1.1)"
    },
    {
      "weight": 0.82,
      "term": "(magazine quality:1.2)"
    },
    {
      "weight": 1.11,
      "term": "(magazine quality:1.3)"
    },
    {
      "weight": 1.13,
      "term": "professional magazine quality"
    },
    {
      "weight": 1.1,
      "term": "high-quality magazine quality"
    },
    {
      "weight": 0.81,
      "term": "expert magazine quality"
    },
    {
      "weight": 0.85,
      "term": "masterful magazine quality"
    },
    {
      "weight": 1.0,
      "term": "superior magazine quality"
    },
    {
      "weight": 0.97,
      "term": "premium magazine quality"
    },
    {
      "weight": 1.07,
      "term": "gallery quality"
    },
    {
      "weight": 1.11,
      "term": "(gallery quality:1.1)"
    },
    {
      "weight": 1.01,
      "term": "(gallery quality:1.2)"
    },
    {
      "weight": 1.11,
      "term": "(gallery quality:1.3)"
    },
    {
      "weight": 0.82,
      "term": "professional gallery quality"
    },
    {
      "weight": 0.94,
      "term": "high-quality gallery quality"
    },
    {
      "weight": 0.94,
      "term": "expert gallery quality"
    },
    {
      "weight": 0.98,
      "term": "masterful gallery quality"
    },
    {
      "weight": 1.12,
      "term": "superior gallery quality"
    },
    {
      "weight": 0.95,
      "term": "premium gallery quality"
    },
    {
      "weight": 0.82,
      "term": "museum quality"
    },
    {
      "weight": 0.83,
      "term": "(museum quality:1.1)"
    },
    {
      "weight": 0.82,
      "term": "(museum quality:1.2)"
    },
    {
      "weight": 1.12,
      "term": "(museum quality:1.3)"
    },
    {
      "weight": 0.92,
      "term": "professional museum quality"
    },
    {
      "weight": 0.97,
      "term": "high-quality museum quality"
    },
    {
      "weight": 0.9,
      "term": "expert museum quality"
    },
    {
      "weight": 1.06,
      "term": "masterful museum quality"
    },
    {
      "weight": 1.04,
      "term": "superior museum quality"
    },
    {
      "weight": 0.91,
      "term": "premium museum quality"
    },
    {
      "weight": 0.82,
      "term": "award-winning"
    },
    {
      "weight": 1.06,
      "term": "(award-winning:1.1)"
    },
    {
      "weight": 1.18,
      "term": "(award-winning:1.2)"
    },
    {
      "weight": 1.08,
      "term": "(award-winning:1.3)"
    },
    {
      "weight": 1.12,
      "term": "professional award-winning"
    },
    {
      "weight": 0.81,
      "term": "high-quality award-winning"
    },
    {
      "weight": 1.09,
      "term": "expert award-winning"
    },
    {
      "weight": 1.09,
      "term": "masterful award-winning"
    },
    {
      "weight": 1.17,
      "term": "superior award-winning"
    },
    {
      "weight": 0.98,
      "term": "premium award-winning"
    },
    {
      "weight": 1.08,
      "term": "masterpiece"
    },
    {
      "weight": 0.82,
      "term": "(masterpiece:1.1)"
    },
    {
      "weight": 1.04,
      "term": "(masterpiece:1.2)"
    },
    {
      "weight": 1.18,
      "term": "(masterpiece:1.3)"
    },
    {
      "weight": 0.8,
      "term": "professional masterpiece"
    },
    {
      "weight": 0.93,
      "term": "high-quality masterpiece"
    },
    {
      "weight": 0.85,
      "term": "expert masterpiece"
    },
    {
      "weight": 1.14,
      "term": "masterful masterpiece"
    },
    {
      "weight": 1.03,
      "term": "superior masterpiece"
    },
    {
      "weight": 0.82,
      "term": "premium masterpiece"
    },
    {
      "weight": 0.96,
      "term": "best quality"
    },
    {
      "weight": 0.81,
      "term": "(best quality:1.1)"
    },
    {
      "weight": 1.01,
      "term": "(best quality:1.2)"
    },
    {
      "weight": 0.81,
      "term": "(best quality:1.3)"
    },
    {
      "weight": 1.05,
      "term": "professional best quality"
    },
    {
      "weight": 0.86,
      "term": "high-quality best quality"
    },
    {
      "weight": 0.94,
      "term": "expert best quality"
    },
    {
      "weight": 1.1,
      "term": "masterful best quality"
    },
    {
      "weight": 0.89,
      "term": "superior best quality"
    },
    {
      "weight": 1.13,
      "term": "premium best quality"
    },
    {
      "weight": 0.92,
      "term": "premium quality"
    },
    {
      "weight": 1.1,
      "term": "(premium quality:1.1)"
    },
    {
      "weight": 0.86,
      "term": "(premium quality:1.2)"
    },
    {
      "weight": 1.03,
      "term": "(premium quality:1.3)"
    },
    {
      "weight": 1.01,
      "term": "professional premium quality"
    },
    {
      "weight": 0.85,
      "term": "high-quality premium quality"
    },
    {
      "weight": 0.97,
      "term": "expert premium quality"
    },
    {
      "weight": 1.17,
      "term": "masterful premium quality"
    },
    {
      "weight": 1.16,
      "term": "superior premium quality"
    },
    {
      "weight": 0.83,
      "term": "premium premium quality"
    },
    {
      "weight": 1.13,
      "term": "top quality"
    },
    {
      "weight": 0.93,
      "term": "(top quality:1.1)"
    },
    {
      "weight": 1.06,
      "term": "(top quality:1.2)"
    },
    {
      "weight": 1.18,
      "term": "(top quality:1.3)"
    },
    {
      "weight": 1.19,
      "term": "professional top quality"
    },
    {
      "weight": 0.89,
      "term": "high-quality top quality"
    },
    {
      "weight": 1.12,
      "term": "expert top quality"
    },
    {
      "weight": 1.02,
      "term": "masterful top quality"
    },
    {
      "weight": 1.1,
      "term": "superior top quality"
    },
    {
      "weight": 1.2,
      "term": "premium top quality"
    },
    {
      "weight": 1.11,
      "term": "superior quality"
    },
    {
      "weight": 1.19,
      "term": "(superior quality:1.1)"
    },
    {
      "weight": 0.89,
      "term": "(superior quality:1.2)"
    },
    {
      "weight": 1.1,
      "term": "(superior quality:1.3)"
    },
    {
      "weight": 1.14,
      "term": "professional superior quality"
    },
    {
      "weight": 1.09,
      "term": "high-quality superior quality"
    },
    {
      "weight": 1.01,
      "term": "expert superior quality"
    },
    {
      "weight": 0.99,
      "term": "masterful superior quality"
    },
    {
      "weight": 1.19,
      "term": "superior superior quality"
    },
    {
      "weight": 1.08,
      "term": "premium superior quality"
    },
    {
      "weight": 1.09,
      "term": "excellent quality"
    },
    {
      "weight": 1.07,
      "term": "(excellent quality:1.1)"
    },
    {
      "weight": 1.09,
      "term": "(excellent quality:1.2)"
    },
    {
      "weight": 0.98,
      "term": "(excellent quality:1.3)"
    },
    {
      "weight": 0.97,
      "term": "professional excellent quality"
    },
    {
      "weight": 0.98,
      "term": "high-quality excellent quality"
    },
    {
      "weight": 1.11,
      "term": "expert excellent quality"
    },
    {
      "weight": 0.81,
      "term": "masterful excellent quality"
    },
    {
      "weight": 1.02,
      "term": "superior excellent quality"
    },
    {
      "weight": 0.88,
      "term": "premium excellent quality"
    },
    {
      "weight": 0.96,
      "term": "professional photography"
    },
    {
      "weight": 0.92,
      "term": "(professional photography:1.1)"
    },
    {
      "weight": 1.03,
      "term": "(professional photography:1.2)"
    },
    {
      "weight": 1.14,
      "term": "(professional photography:1.3)"
    },
    {
      "weight": 0.83,
      "term": "professional professional photography"
    },
    {
      "weight": 1.11,
      "term": "high-quality professional photography"
    },
    {
      "weight": 1.03,
      "term": "expert professional photography"
    },
    {
      "weight": 1.18,
      "term": "masterful professional photography"
    },
    {
      "weight": 0.85,
      "term": "superior professional photography"
    },
    {
      "weight": 1.04,
      "term": "premium professional photography"
    },
    {
      "weight": 0.95,
      "term": "commercial photography"
    },
    {
      "weight": 0.83,
      "term": "(commercial photography:1.1)"
    },
    {
      "weight": 1.12,
      "term": "(commercial photography:1.2)"
    },
    {
      "weight": 1.06,
      "term": "(commercial photography:1.3)"
    },
    {
      "weight": 0.84,
      "term": "professional commercial photography"
    },
    {
      "weight": 0.91,
      "term": "high-quality commercial photography"
    },
    {
      "weight": 1.02,
      "term": "expert commercial photography"
    },
    {
      "weight": 0.85,
      "term": "masterful commercial photography"
    },
    {
      "weight": 0.81,
      "term": "superior commercial photography"
    },
    {
      "weight": 0.81,
      "term": "premium commercial photography"
    },
    {
      "weight": 1.12,
      "term": "editorial photography"
    },
    {
      "weight": 1.04,
      "term": "(editorial photography:1.1)"
    },
    {
      "weight": 1.07,
      "term": "(editorial photography:1.2)"
    },
    {
      "weight": 1.03,
      "term": "(editorial photography:1.3)"
    },
    {
      "weight": 1.1,
      "term": "professional editorial photography"
    },
    {
      "weight": 0.91,
      "term": "high-quality editorial photography"
    },
    {
      "weight": 1.07,
      "term": "expert editorial photography"
    },
    {
      "weight": 0.99,
      "term": "masterful editorial photography"
    },
    {
      "weight": 1.01,
      "term": "superior editorial photography"
    },
    {
      "weight": 0.88,
      "term": "premium editorial photography"
    },
    {
      "weight": 1.18,
      "term": "fashion photography"
    },
    {
      "weight": 0.94,
      "term": "(fashion photography:1.1)"
    },
    {
      "weight": 0.92,
      "term": "(fashion photography:1.2)"
    },
    {
      "weight": 1.11,
      "term": "(fashion photography:1.3)"
    },
    {
      "weight": 1.07,
      "term": "professional fashion photography"
    },
    {
      "weight": 1.13,
      "term": "high-quality fashion photography"
    },
    {
      "weight": 1.08,
      "term": "expert fashion photography"
    },
    {
      "weight": 0.94,
      "term": "masterful fashion photography"
    },
    {
      "weight": 1.19,
      "term": "superior fashion photography"
    },
    {
      "weight": 0.99,
      "term": "premium fashion photography"
    },
    {
      "weight": 1.04,
      "term": "portrait photography"
    },
    {
      "weight": 1.15,
      "term": "(portrait photography:1.1)"
    },
    {
      "weight": 1.09,
      "term": "(portrait photography:1.2)"
    },
    {
      "weight": 0.8,
      "term": "(portrait photography:1.3)"
    },
    {
      "weight": 1.13,
      "term": "professional portrait photography"
    },
    {
      "weight": 0.82,
      "term": "high-quality portrait photography"
    },
    {
      "weight": 0.8,
      "term": "expert portrait photography"
    },
    {
      "weight": 1.15,
      "term": "masterful portrait photography"
    },
    {
      "weight": 1.14,
      "term": "superior portrait photography"
    },
    {
      "weight": 0.9,
      "term": "premium portrait photography"
    },
    {
      "weight": 0.99,
      "term": "beauty photography"
    },
    {
      "weight": 0.94,
      "term": "(beauty photography:1.1)"
    },
    {
      "weight": 1.0,
      "term": "(beauty photography:1.2)"
    },
    {
      "weight": 0.96,
      "term": "(beauty photography:1.3)"
    },
    {
      "weight": 0.95,
      "term": "professional beauty photography"
    },
    {
      "weight": 0.8,
      "term": "high-quality beauty photography"
    },
    {
      "weight": 0.93,
      "term": "expert beauty photography"
    },
    {
      "weight": 1.04,
      "term": "masterful beauty photography"
    },
    {
      "weight": 0.9,
      "term": "superior beauty photography"
    },
    {
      "weight": 0.88,
      "term": "premium beauty photography"
    },
    {
      "weight": 1.07,
      "term": "lifestyle photography"
    },
    {
      "weight": 0.83,
      "term": "(lifestyle photography:1.1)"
    },
    {
      "weight": 0.95,
      "term": "(lifestyle photography:1.2)"
    },
    {
      "weight": 1.05,
      "term": "(lifestyle photography:1.3)"
    },
    {
      "weight": 1.09,
      "term": "professional lifestyle photography"
    },
    {
      "weight": 1.15,
      "term": "high-quality lifestyle photography"
    },
    {
      "weight": 0.81,
      "term": "expert lifestyle photography"
    },
    {
      "weight": 1.11,
      "term": "masterful lifestyle photography"
    },
    {
      "weight": 1.12,
      "term": "superior lifestyle photography"
    },
    {
      "weight": 1.0,
      "term": "premium lifestyle photography"
    },
    {
      "weight": 0.9,
      "term": "documentary photography"
    },
    {
      "weight": 0.88,
      "term": "(documentary photography:1.1)"
    },
    {
      "weight": 1.08,
      "term": "(documentary photography:1.2)"
    },
    {
      "weight": 0.97,
      "term": "(documentary photography:1.3)"
    },
    {
      "weight": 0.9,
      "term": "professional documentary photography"
    },
    {
      "weight": 0.8,
      "term": "high-quality documentary photography"
    },
    {
      "weight": 1.1,
      "term": "expert documentary photography"
    },
    {
      "weight": 0.81,
      "term": "masterful documentary photography"
    },
    {
      "weight": 1.07,
      "term": "superior documentary photography"
    },
    {
      "weight": 1.15,
      "term": "premium documentary photography"
    },
    {
      "weight": 0.91,
      "term": "fine art photography"
    },
    {
      "weight": 1.02,
      "term": "(fine art photography:1.1)"
    },
    {
      "weight": 0.89,
      "term": "(fine art photography:1.2)"
    },
    {
      "weight": 0.83,
      "term": "(fine art photography:1.3)"
    },
    {
      "weight": 1.17,
      "term": "professional fine art photography"
    },
    {
      "weight": 1.07,
      "term": "high-quality fine art photography"
    },
    {
      "weight": 1.0,
      "term": "expert fine art photography"
    },
    {
      "weight": 1.11,
      "term": "masterful fine art photography"
    },
    {
      "weight": 0.99,
      "term": "superior fine art photography"
    },
    {
      "weight": 0.93,
      "term": "premium fine art photography"
    },
    {
      "weight": 1.11,
      "term": "candid photography"
    },
    {
      "weight": 1.18,
      "term": "(candid photography:1.1)"
    },
    {
      "weight": 0.89,
      "term": "(candid photography:1.2)"
    },
    {
      "weight": 0.82,
      "term": "(candid photography:1.3)"
    },
    {
      "weight": 0.81,
      "term": "professional candid photography"
    },
    {
      "weight": 1.07,
      "term": "high-quality candid photography"
    },
    {
      "weight": 1.18,
      "term": "expert candid photography"
    },
    {
      "weight": 0.82,
      "term": "masterful candid photography"
    },
    {
      "weight": 1.16,
      "term": "superior candid photography"
    },
    {
      "weight": 0.98,
      "term": "premium candid photography"
    },
    {
      "weight": 1.02,
      "term": "posed photography"
    },
    {
      "weight": 0.9,
      "term": "(posed photography:1.1)"
    },
    {
      "weight": 0.94,
      "term": "(posed photography:1.2)"
    },
    {
      "weight": 0.95,
      "term": "(posed photography:1.3)"
    },
    {
      "weight": 0.97,
      "term": "professional posed photography"
    },
    {
      "weight": 0.88,
      "term": "high-quality posed photography"
    },
    {
      "weight": 1.06,
      "term": "expert posed photography"
    },
    {
      "weight": 0.96,
      "term": "masterful posed photography"
    },
    {
      "weight": 1.05,
      "term": "superior posed photography"
    },
    {
      "weight": 0.82,
      "term": "premium posed photography"
    },
    {
      "weight": 0.86,
      "term": "natural photography"
    },
    {
      "weight": 1.13,
      "term": "(natural photography:1.1)"
    },
    {
      "weight": 1.17,
      "term": "(natural photography:1.2)"
    },
    {
      "weight": 0.97,
      "term": "(natural photography:1.3)"
    },
    {
      "weight": 0.97,
      "term": "professional natural photography"
    },
    {
      "weight": 0.97,
      "term": "high-quality natural photography"
    },
    {
      "weight": 1.08,
      "term": "expert natural photography"
    },
    {
      "weight": 1.09,
      "term": "masterful natural photography"
    },
    {
      "weight": 0.87,
      "term": "superior natural photography"
    },
    {
      "weight": 1.09,
      "term": "premium natural photography"
    },
    {
      "weight": 1.08,
      "term": "studio photography"
    },
    {
      "weight": 1.06,
      "term": "(studio photography:1.1)"
    },
    {
      "weight": 1.1,
      "term": "(studio photography:1.2)"
    },
    {
      "weight": 1.14,
      "term": "(studio photography:1.3)"
    },
    {
      "weight": 1.06,
      "term": "professional studio photography"
    },
    {
      "weight": 0.91,
      "term": "high-quality studio photography"
    },
    {
      "weight": 1.08,
      "term": "expert studio photography"
    },
    {
      "weight": 0.97,
      "term": "masterful studio photography"
    },
    {
      "weight": 1.07,
      "term": "superior studio photography"
    },
    {
      "weight": 1.08,
      "term": "premium studio photography"
    },
    {
      "weight": 1.11,
      "term": "environmental photography"
    },
    {
      "weight": 0.9,
      "term": "(environmental photography:1.1)"
    },
    {
      "weight": 0.81,
      "term": "(environmental photography:1.2)"
    },
    {
      "weight": 0.88,
      "term": "(environmental photography:1.3)"
    },
    {
      "weight": 1.05,
      "term": "professional environmental photography"
    },
    {
      "weight": 0.81,
      "term": "high-quality environmental photography"
    },
    {
      "weight": 1.17,
      "term": "expert environmental photography"
    },
    {
      "weight": 0.89,
      "term": "masterful environmental photography"
    },
    {
      "weight": 0.97,
      "term": "superior environmental photography"
    },
    {
      "weight": 1.12,
      "term": "premium environmental photography"
    },
    {
      "weight": 0.92,
      "term": "glamour photography"
    },
    {
      "weight": 1.09,
      "term": "(glamour photography:1.1)"
    },
    {
      "weight": 0.93,
      "term": "(glamour photography:1.2)"
    },
    {
      "weight": 1.06,
      "term": "(glamour photography:1.3)"
    },
    {
      "weight": 1.18,
      "term": "professional glamour photography"
    },
    {
      "weight": 0.98,
      "term": "high-quality glamour photography"
    },
    {
      "weight": 1.03,
      "term": "expert glamour photography"
    },
    {
      "weight": 1.19,
      "term": "masterful glamour photography"
    },
    {
      "weight": 1.16,
      "term": "superior glamour photography"
    },
    {
      "weight": 1.04,
      "term": "premium glamour photography"
    },
    {
      "weight": 1.05,
      "term": "cinematic"
    },
    {
      "weight": 0.89,
      "term": "(cinematic:1.1)"
    },
    {
      "weight": 1.2,
      "term": "(cinematic:1.2)"
    },
    {
      "weight": 1.07,
      "term": "(cinematic:1.3)"
    },
    {
      "weight": 0.86,
      "term": "professional cinematic"
    },
    {
      "weight": 1.04,
      "term": "high-quality cinematic"
    },
    {
      "weight": 0.87,
      "term": "expert cinematic"
    },
    {
      "weight": 0.83,
      "term": "masterful cinematic"
    },
    {
      "weight": 0.87,
      "term": "superior cinematic"
    },
    {
      "weight": 0.92,
      "term": "premium cinematic"
    },
    {
      "weight": 1.15,
      "term": "dramatic"
    },
    {
      "weight": 1.12,
      "term": "(dramatic:1.1)"
    },
    {
      "weight": 0.87,
      "term": "(dramatic:1.2)"
    },
    {
      "weight": 0.85,
      "term": "(dramatic:1.3)"
    },
    {
      "weight": 1.18,
      "term": "professional dramatic"
    },
    {
      "weight": 0.99,
      "term": "high-quality dramatic"
    },
    {
      "weight": 1.13,
      "term": "expert dramatic"
    },
    {
      "weight": 1.19,
      "term": "masterful dramatic"
    },
    {
      "weight": 1.08,
      "term": "superior dramatic"
    },
    {
      "weight": 0.92,
      "term": "premium dramatic"
    },
    {
      "weight": 1.14,
      "term": "artistic"
    },
    {
      "weight": 1.07,
      "term": "(artistic:1.1)"
    },
    {
      "weight": 1.19,
      "term": "(artistic:1.2)"
    },
    {
      "weight": 1.09,
      "term": "(artistic:1.3)"
    },
    {
      "weight": 0.9,
      "term": "professional artistic"
    },
    {
      "weight": 0.94,
      "term": "high-quality artistic"
    },
    {
      "weight": 1.1,
      "term": "expert artistic"
    },
    {
      "weight": 0.95,
      "term": "masterful artistic"
    },
    {
      "weight": 0.83,
      "term": "superior artistic"
    },
    {
      "weight": 1.01,
      "term": "premium artistic"
    },
    {
      "weight": 0.9,
      "term": "elegant"
    },
    {
      "weight": 1.17,
      "term": "(elegant:1.1)"
    },
    {
      "weight": 0.99,
      "term": "(elegant:1.2)"
    },
    {
      "weight": 0.85,
      "term": "(elegant:1.3)"
    },
    {
      "weight": 1.18,
      "term": "professional elegant"
    },
    {
      "weight": 1.04,
      "term": "high-quality elegant"
    },
    {
      "weight": 0.9,
      "term": "expert elegant"
    },
    {
      "weight": 0.96,
      "term": "masterful elegant"
    },
    {
      "weight": 1.01,
      "term": "superior elegant"
    },
    {
      "weight": 1.2,
      "term": "premium elegant"
    },
    {
      "weight": 0.97,
      "term": "sophisticated"
    },
    {
      "weight": 0.89,
      "term": "(sophisticated:1.1)"
    },
    {
      "weight": 0.95,
      "term": "(sophisticated:1.2)"
    },
    {
      "weight": 1.11,
      "term": "(sophisticated:1.3)"
    },
    {
      "weight": 1.09,
      "term": "professional sophisticated"
    },
    {
      "weight": 0.85,
      "term": "high-quality sophisticated"
    },
    {
      "weight": 0.93,
      "term": "expert sophisticated"
    },
    {
      "weight": 1.07,
      "term": "masterful sophisticated"
    },
    {
      "weight": 0.83,
      "term": "superior sophisticated"
    },
    {
      "weight": 1.14,
      "term": "premium sophisticated"
    },
    {
      "weight": 1.02,
      "term": "refined"
    },
    {
      "weight": 1.02,
      "term": "(refined:1.1)"
    },
    {
      "weight": 0.91,
      "term": "(refined:1.2)"
    },
    {
      "weight": 0.89,
      "term": "(refined:1.3)"
    },
    {
      "weight": 1.01,
      "term": "professional refined"
    },
    {
      "weight": 0.94,
      "term": "high-quality refined"
    },
    {
      "weight": 1.09,
      "term": "expert refined"
    },
    {
      "weight": 1.02,
      "term": "masterful refined"
    },
    {
      "weight": 0.86,
      "term": "superior refined"
    },
    {
      "weight": 1.0,
      "term": "premium refined"
    },
    {
      "weight": 0.91,
      "term": "polished"
    },
    {
      "weight": 1.0,
      "term": "(polished:1.1)"
    },
    {
      "weight": 0.92,
      "term": "(polished:1.2)"
    },
    {
      "weight": 1.08,
      "term": "(polished:1.3)"
    },
    {
      "weight": 1.06,
      "term": "professional polished"
    },
    {
      "weight": 1.04,
      "term": "high-quality polished"
    },
    {
      "weight": 1.18,
      "term": "expert polished"
    },
    {
      "weight": 0.81,
      "term": "masterful polished"
    },
    {
      "weight": 0.89,
      "term": "superior polished"
    },
    {
      "weight": 1.0,
      "term": "premium polished"
    },
    {
      "weight": 1.17,
      "term": "pristine"
    },
    {
      "weight": 0.98,
      "term": "(pristine:1.1)"
    },
    {
      "weight": 0.82,
      "term": "(pristine:1.2)"
    },
    {
      "weight": 1.14,
      "term": "(pristine:1.3)"
    },
    {
      "weight": 0.81,
      "term": "professional pristine"
    },
    {
      "weight": 1.09,
      "term": "high-quality pristine"
    },
    {
      "weight": 1.0,
      "term": "expert pristine"
    },
    {
      "weight": 0.82,
      "term": "masterful pristine"
    },
    {
      "weight": 0.86,
      "term": "superior pristine"
    },
    {
      "weight": 1.06,
      "term": "premium pristine"
    },
    {
      "weight": 1.03,
      "term": "flawless"
    },
    {
      "weight": 1.01,
      "term": "(flawless:1.1)"
    },
    {
      "weight": 1.1,
      "term": "(flawless:1.2)"
    },
    {
      "weight": 1.17,
      "term": "(flawless:1.3)"
    },
    {
      "weight": 1.07,
      "term": "professional flawless"
    },
    {
      "weight": 0.92,
      "term": "high-quality flawless"
    },
    {
      "weight": 1.09,
      "term": "expert flawless"
    },
    {
      "weight": 0.81,
      "term": "masterful flawless"
    },
    {
      "weight": 1.03,
      "term": "superior flawless"
    },
    {
      "weight": 1.1,
      "term": "premium flawless"
    },
    {
      "weight": 1.04,
      "term": "perfect"
    },
    {
      "weight": 1.17,
      "term": "(perfect:1.1)"
    },
    {
      "weight": 0.92,
      "term": "(perfect:1.2)"
    },
    {
      "weight": 0.85,
      "term": "(perfect:1.3)"
    },
    {
      "weight": 0.91,
      "term": "professional perfect"
    },
    {
      "weight": 1.09,
      "term": "high-quality perfect"
    },
    {
      "weight": 1.06,
      "term": "expert perfect"
    },
    {
      "weight": 0.94,
      "term": "masterful perfect"
    },
    {
      "weight": 0.91,
      "term": "superior perfect"
    },
    {
      "weight": 0.98,
      "term": "premium perfect"
    },
    {
      "weight": 1.0,
      "term": "immaculate"
    },
    {
      "weight": 0.95,
      "term": "(immaculate:1.1)"
    },
    {
      "weight": 0.96,
      "term": "(immaculate:1.2)"
    },
    {
      "weight": 1.2,
      "term": "(immaculate:1.3)"
    },
    {
      "weight": 1.06,
      "term": "professional immaculate"
    },
    {
      "weight": 1.19,
      "term": "high-quality immaculate"
    },
    {
      "weight": 0.97,
      "term": "expert immaculate"
    },
    {
      "weight": 1.14,
      "term": "masterful immaculate"
    },
    {
      "weight": 0.83,
      "term": "superior immaculate"
    },
    {
      "weight": 1.2,
      "term": "premium immaculate"
    },
    {
      "weight": 0.81,
      "term": "stunning"
    },
    {
      "weight": 1.11,
      "term": "(stunning:1.1)"
    },
    {
      "weight": 1.06,
      "term": "(stunning:1.2)"
    },
    {
      "weight": 0.89,
      "term": "(stunning:1.3)"
    },
    {
      "weight": 1.11,
      "term": "professional stunning"
    },
    {
      "weight": 0.93,
      "term": "high-quality stunning"
    },
    {
      "weight": 0.91,
      "term": "expert stunning"
    },
    {
      "weight": 0.89,
      "term": "masterful stunning"
    },
    {
      "weight": 1.03,
      "term": "superior stunning"
    },
    {
      "weight": 1.19,
      "term": "premium stunning"
    },
    {
      "weight": 1.12,
      "term": "gorgeous"
    },
    {
      "weight": 0.82,
      "term": "(gorgeous:1.1)"
    },
    {
      "weight": 0.93,
      "term": "(gorgeous:1.2)"
    },
    {
      "weight": 0.82,
      "term": "(gorgeous:1.3)"
    },
    {
      "weight": 0.92,
      "term": "professional gorgeous"
    },
    {
      "weight": 1.0,
      "term": "high-quality gorgeous"
    },
    {
      "weight": 1.04,
      "term": "expert gorgeous"
    },
    {
      "weight": 0.95,
      "term": "masterful gorgeous"
    },
    {
      "weight": 0.85,
      "term": "superior gorgeous"
    },
    {
      "weight": 0.87,
      "term": "premium gorgeous"
    },
    {
      "weight": 0.98,
      "term": "beautiful"
    },
    {
      "weight": 1.15,
      "term": "(beautiful:1.1)"
    },
    {
      "weight": 1.07,
      "term": "(beautiful:1.2)"
    },
    {
      "weight": 0.87,
      "term": "(beautiful:1.3)"
    },
    {
      "weight": 0.84,
      "term": "professional beautiful"
    },
    {
      "weight": 1.19,
      "term": "high-quality beautiful"
    },
    {
      "weight": 1.19,
      "term": "expert beautiful"
    },
    {
      "weight": 1.14,
      "term": "masterful beautiful"
    },
    {
      "weight": 1.06,
      "term": "superior beautiful"
    },
    {
      "weight": 1.01,
      "term": "premium beautiful"
    },
    {
      "weight": 0.88,
      "term": "breathtaking"
    },
    {
      "weight": 1.08,
      "term": "(breathtaking:1.1)"
    },
    {
      "weight": 1.17,
      "term": "(breathtaking:1.2)"
    },
    {
      "weight": 1.01,
      "term": "(breathtaking:1.3)"
    },
    {
      "weight": 1.04,
      "term": "professional breathtaking"
    },
    {
      "weight": 0.87,
      "term": "high-quality breathtaking"
    },
    {
      "weight": 0.82,
      "term": "expert breathtaking"
    },
    {
      "weight": 0.8,
      "term": "masterful breathtaking"
    },
    {
      "weight": 0.9,
      "term": "superior breathtaking"
    },
    {
      "weight": 1.15,
      "term": "premium breathtaking"
    },
    {
      "weight": 1.12,
      "term": "captivating"
    },
    {
      "weight": 1.18,
      "term": "(captivating:1.1)"
    },
    {
      "weight": 0.92,
      "term": "(captivating:1.2)"
    },
    {
      "weight": 1.01,
      "term": "(captivating:1.3)"
    },
    {
      "weight": 1.14,
      "term": "professional captivating"
    },
    {
      "weight": 0.82,
      "term": "high-quality captivating"
    },
    {
      "weight": 0.83,
      "term": "expert captivating"
    },
    {
      "weight": 1.09,
      "term": "masterful captivating"
    },
    {
      "weight": 0.84,
      "term": "superior captivating"
    },
    {
      "weight": 1.18,
      "term": "premium captivating"
    },
    {
      "weight": 0.88,
      "term": "mesmerizing"
    },
    {
      "weight": 1.16,
      "term": "(mesmerizing:1.1)"
    },
    {
      "weight": 1.07,
      "term": "(mesmerizing:1.2)"
    },
    {
      "weight": 1.13,
      "term": "(mesmerizing:1.3)"
    },
    {
      "weight": 0.82,
      "term": "professional mesmerizing"
    },
    {
      "weight": 1.12,
      "term": "high-quality mesmerizing"
    },
    {
      "weight": 1.03,
      "term": "expert mesmerizing"
    },
    {
      "weight": 1.0,
      "term": "masterful mesmerizing"
    },
    {
      "weight": 0.97,
      "term": "superior mesmerizing"
    },
    {
      "weight": 1.0,
      "term": "premium mesmerizing"
    },
    {
      "weight": 0.94,
      "term": "enchanting"
    },
    {
      "weight": 1.03,
      "term": "(enchanting:1.1)"
    },
    {
      "weight": 0.82,
      "term": "(enchanting:1.2)"
    },
    {
      "weight": 1.03,
      "term": "(enchanting:1.3)"
    },
    {
      "weight": 1.11,
      "term": "professional enchanting"
    },
    {
      "weight": 0.8,
      "term": "high-quality enchanting"
    },
    {
      "weight": 1.09,
      "term": "expert enchanting"
    },
    {
      "weight": 1.14,
      "term": "masterful enchanting"
    },
    {
      "weight": 1.09,
      "term": "superior enchanting"
    },
    {
      "weight": 0.97,
      "term": "premium enchanting"
    },
    {
      "weight": 1.04,
      "term": "alluring"
    },
    {
      "weight": 1.02,
      "term": "(alluring:1.1)"
    },
    {
      "weight": 0.95,
      "term": "(alluring:1.2)"
    },
    {
      "weight": 0.81,
      "term": "(alluring:1.3)"
    },
    {
      "weight": 0.94,
      "term": "professional alluring"
    },
    {
      "weight": 0.92,
      "term": "high-quality alluring"
    },
    {
      "weight": 0.94,
      "term": "expert alluring"
    },
    {
      "weight": 1.18,
      "term": "masterful alluring"
    },
    {
      "weight": 0.94,
      "term": "superior alluring"
    },
    {
      "weight": 0.92,
      "term": "premium alluring"
    },
    {
      "weight": 1.06,
      "term": "striking"
    },
    {
      "weight": 0.99,
      "term": "(striking:1.1)"
    },
    {
      "weight": 1.17,
      "term": "(striking:1.2)"
    },
    {
      "weight": 1.12,
      "term": "(striking:1.3)"
    },
    {
      "weight": 0.94,
      "term": "professional striking"
    },
    {
      "weight": 0.92,
      "term": "high-quality striking"
    },
    {
      "weight": 1.05,
      "term": "expert striking"
    },
    {
      "weight": 1.14,
      "term": "masterful striking"
    },
    {
      "weight": 1.16,
      "term": "superior striking"
    },
    {
      "weight": 1.02,
      "term": "premium striking"
    },
    {
      "weight": 1.02,
      "term": "remarkable"
    },
    {
      "weight": 1.13,
      "term": "(remarkable:1.1)"
    },
    {
      "weight": 0.86,
      "term": "(remarkable:1.2)"
    },
    {
      "weight": 1.17,
      "term": "(remarkable:1.3)"
    },
    {
      "weight": 0.95,
      "term": "professional remarkable"
    },
    {
      "weight": 0.87,
      "term": "high-quality remarkable"
    },
    {
      "weight": 0.93,
      "term": "expert remarkable"
    },
    {
      "weight": 1.16,
      "term": "masterful remarkable"
    },
    {
      "weight": 1.18,
      "term": "superior remarkable"
    },
    {
      "weight": 1.19,
      "term": "premium remarkable"
    },
    {
      "weight": 1.04,
      "term": "exceptional"
    },
    {
      "weight": 0.84,
      "term": "(exceptional:1.1)"
    },
    {
      "weight": 0.97,
      "term": "(exceptional:1.2)"
    },
    {
      "weight": 1.14,
      "term": "(exceptional:1.3)"
    },
    {
      "weight": 1.05,
      "term": "professional exceptional"
    },
    {
      "weight": 1.04,
      "term": "high-quality exceptional"
    },
    {
      "weight": 1.12,
      "term": "expert exceptional"
    },
    {
      "weight": 0.99,
      "term": "masterful exceptional"
    },
    {
      "weight": 1.02,
      "term": "superior exceptional"
    },
    {
      "weight": 1.05,
      "term": "premium exceptional"
    },
    {
      "weight": 1.14,
      "term": "extraordinary"
    },
    {
      "weight": 1.05,
      "term": "(extraordinary:1.1)"
    },
    {
      "weight": 0.91,
      "term": "(extraordinary:1.2)"
    },
    {
      "weight": 1.08,
      "term": "(extraordinary:1.3)"
    },
    {
      "weight": 0.97,
      "term": "professional extraordinary"
    },
    {
      "weight": 0.81,
      "term": "high-quality extraordinary"
    },
    {
      "weight": 0.96,
      "term": "expert extraordinary"
    },
    {
      "weight": 1.11,
      "term": "masterful extraordinary"
    },
    {
      "weight": 0.98,
      "term": "superior extraordinary"
    },
    {
      "weight": 0.83,
      "term": "premium extraordinary"
    },
    {
      "weight": 0.92,
      "term": "magnificent"
    },
    {
      "weight": 0.85,
      "term": "(magnificent:1.1)"
    },
    {
      "weight": 1.05,
      "term": "(magnificent:1.2)"
    },
    {
      "weight": 0.85,
      "term": "(magnificent:1.3)"
    },
    {
      "weight": 1.13,
      "term": "professional magnificent"
    },
    {
      "weight": 0.99,
      "term": "high-quality magnificent"
    },
    {
      "weight": 1.08,
      "term": "expert magnificent"
    },
    {
      "weight": 1.07,
      "term": "masterful magnificent"
    },
    {
      "weight": 1.13,
      "term": "superior magnificent"
    },
    {
      "weight": 0.93,
      "term": "premium magnificent"
    },
    {
      "weight": 0.87,
      "term": "splendid"
    },
    {
      "weight": 1.02,
      "term": "(splendid:1.1)"
    },
    {
      "weight": 0.93,
      "term": "(splendid:1.2)"
    },
    {
      "weight": 1.08,
      "term": "(splendid:1.3)"
    },
    {
      "weight": 1.19,
      "term": "professional splendid"
    },
    {
      "weight": 0.82,
      "term": "high-quality splendid"
    },
    {
      "weight": 1.2,
      "term": "expert splendid"
    },
    {
      "weight": 0.81,
      "term": "masterful splendid"
    },
    {
      "weight": 0.98,
      "term": "superior splendid"
    },
    {
      "weight": 0.92,
      "term": "premium splendid"
    },
    {
      "weight": 1.16,
      "term": "wonderful"
    },
    {
      "weight": 0.95,
      "term": "(wonderful:1.1)"
    },
    {
      "weight": 0.95,
      "term": "(wonderful:1.2)"
    },
    {
      "weight": 0.95,
      "term": "(wonderful:1.3)"
    },
    {
      "weight": 1.04,
      "term": "professional wonderful"
    },
    {
      "weight": 1.06,
      "term": "high-quality wonderful"
    },
    {
      "weight": 0.93,
      "term": "expert wonderful"
    },
    {
      "weight": 1.1,
      "term": "masterful wonderful"
    },
    {
      "weight": 1.05,
      "term": "superior wonderful"
    },
    {
      "weight": 1.14,
      "term": "premium wonderful"
    },
    {
      "weight": 0.95,
      "term": "marvelous"
    },
    {
      "weight": 1.14,
      "term": "(marvelous:1.1)"
    },
    {
      "weight": 0.99,
      "term": "(marvelous:1.2)"
    },
    {
      "weight": 1.04,
      "term": "(marvelous:1.3)"
    },
    {
      "weight": 0.82,
      "term": "professional marvelous"
    },
    {
      "weight": 0.92,
      "term": "high-quality marvelous"
    },
    {
      "weight": 1.06,
      "term": "expert marvelous"
    },
    {
      "weight": 0.94,
      "term": "masterful marvelous"
    },
    {
      "weight": 0.93,
      "term": "superior marvelous"
    },
    {
      "weight": 1.05,
      "term": "premium marvelous"
    },
    {
      "weight": 1.19,
      "term": "bokeh"
    },
    {
      "weight": 0.85,
      "term": "(bokeh:1.1)"
    },
    {
      "weight": 0.92,
      "term": "(bokeh:1.2)"
    },
    {
      "weight": 1.19,
      "term": "(bokeh:1.3)"
    },
    {
      "weight": 1.08,
      "term": "professional bokeh"
    },
    {
      "weight": 1.13,
      "term": "high-quality bokeh"
    },
    {
      "weight": 0.97,
      "term": "expert bokeh"
    },
    {
      "weight": 1.02,
      "term": "masterful bokeh"
    },
    {
      "weight": 0.81,
      "term": "superior bokeh"
    },
    {
      "weight": 1.03,
      "term": "premium bokeh"
    },
    {
      "weight": 1.06,
      "term": "depth of field"
    },
    {
      "weight": 0.81,
      "term": "(depth of field:1.1)"
    },
    {
      "weight": 1.03,
      "term": "(depth of field:1.2)"
    },
    {
      "weight": 1.15,
      "term": "(depth of field:1.3)"
    },
    {
      "weight": 0.96,
      "term": "professional depth of field"
    },
    {
      "weight": 1.09,
      "term": "high-quality depth of field"
    },
    {
      "weight": 1.04,
      "term": "expert depth of field"
    },
    {
      "weight": 1.06,
      "term": "masterful depth of field"
    },
    {
      "weight": 0.98,
      "term": "superior depth of field"
    },
    {
      "weight": 0.84,
      "term": "premium depth of field"
    },
    {
      "weight": 0.81,
      "term": "composition"
    },
    {
      "weight": 1.15,
      "term": "(composition:1.1)"
    },
    {
      "weight": 0.91,
      "term": "(composition:1.2)"
    },
    {
      "weight": 0.87,
      "term": "(composition:1.3)"
    },
    {
      "weight": 0.91,
      "term": "professional composition"
    },
    {
      "weight": 1.07,
      "term": "high-quality composition"
    },
    {
      "weight": 0.86,
      "term": "expert composition"
    },
    {
      "weight": 0.94,
      "term": "masterful composition"
    },
    {
      "weight": 1.14,
      "term": "superior composition"
    },
    {
      "weight": 1.06,
      "term": "premium composition"
    },
    {
      "weight": 0.81,
      "term": "framing"
    },
    {
      "weight": 1.04,
      "term": "(framing:1.1)"
    },
    {
      "weight": 1.2,
      "term": "(framing:1.2)"
    },
    {
      "weight": 0.82,
      "term": "(framing:1.3)"
    },
    {
      "weight": 0.83,
      "term": "professional framing"
    },
    {
      "weight": 1.09,
      "term": "high-quality framing"
    },
    {
      "weight": 1.2,
      "term": "expert framing"
    },
    {
      "weight": 0.99,
      "term": "masterful framing"
    },
    {
      "weight": 1.12,
      "term": "superior framing"
    },
    {
      "weight": 0.98,
      "term": "premium framing"
    },
    {
      "weight": 0.82,
      "term": "lighting"
    },
    {
      "weight": 0.84,
      "term": "(lighting:1.1)"
    },
    {
      "weight": 1.0,
      "term": "(lighting:1.2)"
    },
    {
      "weight": 0.97,
      "term": "(lighting:1.3)"
    },
    {
      "weight": 0.87,
      "term": "professional lighting"
    },
    {
      "weight": 0.95,
      "term": "high-quality lighting"
    },
    {
      "weight": 0.87,
      "term": "expert lighting"
    },
    {
      "weight": 1.13,
      "term": "masterful lighting"
    },
    {
      "weight": 1.2,
      "term": "superior lighting"
    },
    {
      "weight": 1.1,
      "term": "premium lighting"
    },
    {
      "weight": 0.8,
      "term": "exposure"
    },
    {
      "weight": 0.87,
      "term": "(exposure:1.1)"
    },
    {
      "weight": 1.03,
      "term": "(exposure:1.2)"
    },
    {
      "weight": 1.18,
      "term": "(exposure:1.3)"
    },
    {
      "weight": 1.09,
      "term": "professional exposure"
    },
    {
      "weight": 0.98,
      "term": "high-quality exposure"
    },
    {
      "weight": 0.86,
      "term": "expert exposure"
    },
    {
      "weight": 1.1,
      "term": "masterful exposure"
    },
    {
      "weight": 0.8,
      "term": "superior exposure"
    },
    {
      "weight": 0.89,
      "term": "premium exposure"
    },
    {
      "weight": 0.96,
      "term": "contrast"
    },
    {
      "weight": 0.87,
      "term": "(contrast:1.1)"
    },
    {
      "weight": 0.89,
      "term": "(contrast:1.2)"
    },
    {
      "weight": 1.15,
      "term": "(contrast:1.3)"
    },
    {
      "weight": 0.81,
      "term": "professional contrast"
    },
    {
      "weight": 0.95,
      "term": "high-quality contrast"
    },
    {
      "weight": 1.09,
      "term": "expert contrast"
    },
    {
      "weight": 1.2,
      "term": "masterful contrast"
    },
    {
      "weight": 0.92,
      "term": "superior contrast"
    },
    {
      "weight": 1.06,
      "term": "premium contrast"
    },
    {
      "weight": 0.8,
      "term": "saturation"
    },
    {
      "weight": 0.8,
      "term": "(saturation:1.1)"
    },
    {
      "weight": 1.13,
      "term": "(saturation:1.2)"
    },
    {
      "weight": 1.14,
      "term": "(saturation:1.3)"
    },
    {
      "weight": 0.89,
      "term": "professional saturation"
    },
    {
      "weight": 0.82,
      "term": "high-quality saturation"
    },
    {
      "weight": 1.17,
      "term": "expert saturation"
    },
    {
      "weight": 0.87,
      "term": "masterful saturation"
    },
    {
      "weight": 0.98,
      "term": "superior saturation"
    },
    {
      "weight": 0.88,
      "term": "premium saturation"
    },
    {
      "weight": 1.04,
      "term": "white balance"
    },
    {
      "weight": 1.01,
      "term": "(white balance:1.1)"
    },
    {
      "weight": 1.06,
      "term": "(white balance:1.2)"
    },
    {
      "weight": 0.81,
      "term": "(white balance:1.3)"
    },
    {
      "weight": 1.15,
      "term": "professional white balance"
    },
    {
      "weight": 1.05,
      "term": "high-quality white balance"
    },
    {
      "weight": 0.82,
      "term": "expert white balance"
    },
    {
      "weight": 1.2,
      "term": "masterful white balance"
    },
    {
      "weight": 0.99,
      "term": "superior white balance"
    },
    {
      "weight": 1.07,
      "term": "premium white balance"
    },
    {
      "weight": 1.04,
      "term": "color grading"
    },
    {
      "weight": 1.1,
      "term": "(color grading:1.1)"
    },
    {
      "weight": 0.81,
      "term": "(color grading:1.2)"
    },
    {
      "weight": 1.17,
      "term": "(color grading:1.3)"
    },
    {
      "weight": 0.98,
      "term": "professional color grading"
    },
    {
      "weight": 1.13,
      "term": "high-quality color grading"
    },
    {
      "weight": 0.98,
      "term": "expert color grading"
    },
    {
      "weight": 1.08,
      "term": "masterful color grading"
    },
    {
      "weight": 0.91,
      "term": "superior color grading"
    },
    {
      "weight": 0.94,
      "term": "premium color grading"
    },
    {
      "weight": 1.06,
      "term": "post-processing"
    },
    {
      "weight": 0.85,
      "term": "(post-processing:1.1)"
    },
    {
      "weight": 1.18,
      "term": "(post-processing:1.2)"
    },
    {
      "weight": 0.94,
      "term": "(post-processing:1.3)"
    },
    {
      "weight": 1.13,
      "term": "professional post-processing"
    },
    {
      "weight": 0.84,
      "term": "high-quality post-processing"
    },
    {
      "weight": 1.05,
      "term": "expert post-processing"
    },
    {
      "weight": 0.86,
      "term": "masterful post-processing"
    },
    {
      "weight": 0.86,
      "term": "superior post-processing"
    },
    {
      "weight": 1.17,
      "term": "premium post-processing"
    },
    {
      "weight": 0.91,
      "term": "retouching"
    },
    {
      "weight": 1.04,
      "term": "(retouching:1.1)"
    },
    {
      "weight": 0.87,
      "term": "(retouching:1.2)"
    },
    {
      "weight": 0.82,
      "term": "(retouching:1.3)"
    },
    {
      "weight": 1.03,
      "term": "professional retouching"
    },
    {
      "weight": 0.83,
      "term": "high-quality retouching"
    },
    {
      "weight": 0.96,
      "term": "expert retouching"
    },
    {
      "weight": 0.82,
      "term": "masterful retouching"
    },
    {
      "weight": 0.93,
      "term": "superior retouching"
    },
    {
      "weight": 0.84,
      "term": "premium retouching"
    },
    {
      "weight": 0.83,
      "term": "enhancement"
    },
    {
      "weight": 0.84,
      "term": "(enhancement:1.1)"
    },
    {
      "weight": 0.92,
      "term": "(enhancement:1.2)"
    },
    {
      "weight": 1.03,
      "term": "(enhancement:1.3)"
    },
    {
      "weight": 1.13,
      "term": "professional enhancement"
    },
    {
      "weight": 1.1,
      "term": "high-quality enhancement"
    },
    {
      "weight": 0.98,
      "term": "expert enhancement"
    },
    {
      "weight": 0.81,
      "term": "masterful enhancement"
    },
    {
      "weight": 0.86,
      "term": "superior enhancement"
    },
    {
      "weight": 1.14,
      "term": "premium enhancement"
    },
    {
      "weight": 1.08,
      "term": "optimization"
    },
    {
      "weight": 1.15,
      "term": "(optimization:1.1)"
    },
    {
      "weight": 1.12,
      "term": "(optimization:1.2)"
    },
    {
      "weight": 1.08,
      "term": "(optimization:1.3)"
    },
    {
      "weight": 0.94,
      "term": "professional optimization"
    },
    {
      "weight": 0.89,
      "term": "high-quality optimization"
    },
    {
      "weight": 1.16,
      "term": "expert optimization"
    },
    {
      "weight": 0.9,
      "term": "masterful optimization"
    },
    {
      "weight": 1.16,
      "term": "superior optimization"
    },
    {
      "weight": 1.07,
      "term": "premium optimization"
    },
    {
      "weight": 1.06,
      "term": "calibration"
    },
    {
      "weight": 0.88,
      "term": "(calibration:1.1)"
    },
    {
      "weight": 0.94,
      "term": "(calibration:1.2)"
    },
    {
      "weight": 1.0,
      "term": "(calibration:1.3)"
    },
    {
      "weight": 1.03,
      "term": "professional calibration"
    },
    {
      "weight": 1.11,
      "term": "high-quality calibration"
    },
    {
      "weight": 1.18,
      "term": "expert calibration"
    },
    {
      "weight": 1.11,
      "term": "masterful calibration"
    },
    {
      "weight": 0.83,
      "term": "superior calibration"
    },
    {
      "weight": 1.12,
      "term": "premium calibration"
    },
    {
      "weight": 1.15,
      "term": "professional editing"
    },
    {
      "weight": 0.9,
      "term": "(professional editing:1.1)"
    },
    {
      "weight": 0.83,
      "term": "(professional editing:1.2)"
    },
    {
      "weight": 1.17,
      "term": "(professional editing:1.3)"
    },
    {
      "weight": 1.15,
      "term": "professional professional editing"
    },
    {
      "weight": 0.85,
      "term": "high-quality professional editing"
    },
    {
      "weight": 1.16,
      "term": "expert professional editing"
    },
    {
      "weight": 0.97,
      "term": "masterful professional editing"
    },
    {
      "weight": 0.96,
      "term": "superior professional editing"
    },
    {
      "weight": 0.82,
      "term": "premium professional editing"
    },
    {
      "weight": 1.15,
      "term": "color correction"
    },
    {
      "weight": 0.95,
      "term": "(color correction:1.1)"
    },
    {
      "weight": 0.91,
      "term": "(color correction:1.2)"
    },
    {
      "weight": 0.84,
      "term": "(color correction:1.3)"
    },
    {
      "weight": 1.0,
      "term": "professional color correction"
    },
    {
      "weight": 1.16,
      "term": "high-quality color correction"
    },
    {
      "weight": 1.12,
      "term": "expert color correction"
    },
    {
      "weight": 0.99,
      "term": "masterful color correction"
    },
    {
      "weight": 1.18,
      "term": "superior color correction"
    },
    {
      "weight": 0.83,
      "term": "premium color correction"
    },
    {
      "weight": 0.94,
      "term": "tone mapping"
    },
    {
      "weight": 0.98,
      "term": "(tone mapping:1.1)"
    },
    {
      "weight": 1.01,
      "term": "(tone mapping:1.2)"
    },
    {
      "weight": 0.81,
      "term": "(tone mapping:1.3)"
    },
    {
      "weight": 1.14,
      "term": "professional tone mapping"
    },
    {
      "weight": 1.15,
      "term": "high-quality tone mapping"
    },
    {
      "weight": 0.94,
      "term": "expert tone mapping"
    },
    {
      "weight": 1.13,
      "term": "masterful tone mapping"
    },
    {
      "weight": 0.83,
      "term": "superior tone mapping"
    },
    {
      "weight": 0.86,
      "term": "premium tone mapping"
    },
    {
      "weight": 1.04,
      "term": "soft focus"
    },
    {
      "weight": 1.16,
      "term": "(soft focus:1.1)"
    },
    {
      "weight": 0.81,
      "term": "(soft focus:1.2)"
    },
    {
      "weight": 0.91,
      "term": "(soft focus:1.3)"
    },
    {
      "weight": 0.98,
      "term": "professional soft focus"
    },
    {
      "weight": 0.85,
      "term": "high-quality soft focus"
    },
    {
      "weight": 1.11,
      "term": "expert soft focus"
    },
    {
      "weight": 1.17,
      "term": "masterful soft focus"
    },
    {
      "weight": 1.04,
      "term": "superior soft focus"
    },
    {
      "weight": 1.09,
      "term": "premium soft focus"
    },
    {
      "weight": 1.05,
      "term": "selective focus"
    },
    {
      "weight": 1.11,
      "term": "(selective focus:1.1)"
    },
    {
      "weight": 1.04,
      "term": "(selective focus:1.2)"
    },
    {
      "weight": 0.87,
      "term": "(selective focus:1.3)"
    },
    {
      "weight": 1.03,
      "term": "professional selective focus"
    },
    {
      "weight": 1.06,
      "term": "high-quality selective focus"
    },
    {
      "weight": 1.0,
      "term": "expert selective focus"
    },
    {
      "weight": 1.1,
      "term": "masterful selective focus"
    },
    {
      "weight": 0.83,
      "term": "superior selective focus"
    },
    {
      "weight": 0.98,
      "term": "premium selective focus"
    },
    {
      "weight": 1.19,
      "term": "shallow depth of field"
    },
    {
      "weight": 1.11,
      "term": "(shallow depth of field:1.1)"
    },
    {
      "weight": 1.15,
      "term": "(shallow depth of field:1.2)"
    },
    {
      "weight": 1.03,
      "term": "(shallow depth of field:1.3)"
    },
    {
      "weight": 1.17,
      "term": "professional shallow depth of field"
    },
    {
      "weight": 0.83,
      "term": "high-quality shallow depth of field"
    },
    {
      "weight": 0.8,
      "term": "expert shallow depth of field"
    },
    {
      "weight": 1.2,
      "term": "masterful shallow depth of field"
    },
    {
      "weight": 1.13,
      "term": "superior shallow depth of field"
    },
    {
      "weight": 1.19,
      "term": "premium shallow depth of field"
    },
    {
      "weight": 0.96,
      "term": "deep focus"
    },
    {
      "weight": 0.94,
      "term": "(deep focus:1.1)"
    },
    {
      "weight": 0.87,
      "term": "(deep focus:1.2)"
    },
    {
      "weight": 0.98,
      "term": "(deep focus:1.3)"
    },
    {
      "weight": 1.05,
      "term": "professional deep focus"
    },
    {
      "weight": 1.13,
      "term": "high-quality deep focus"
    },
    {
      "weight": 0.82,
      "term": "expert deep focus"
    },
    {
      "weight": 1.04,
      "term": "masterful deep focus"
    },
    {
      "weight": 1.06,
      "term": "superior deep focus"
    },
    {
      "weight": 0.87,
      "term": "premium deep focus"
    },
    {
      "weight": 0.95,
      "term": "motion blur"
    },
    {
      "weight": 0.91,
      "term": "(motion blur:1.1)"
    },
    {
      "weight": 1.01,
      "term": "(motion blur:1.2)"
    },
    {
      "weight": 1.15,
      "term": "(motion blur:1.3)"
    },
    {
      "weight": 0.92,
      "term": "professional motion blur"
    },
    {
      "weight": 1.19,
      "term": "high-quality motion blur"
    },
    {
      "weight": 0.94,
      "term": "expert motion blur"
    },
    {
      "weight": 0.84,
      "term": "masterful motion blur"
    },
    {
      "weight": 1.2,
      "term": "superior motion blur"
    },
    {
      "weight": 0.91,
      "term": "premium motion blur"
    },
    {
      "weight": 0.92,
      "term": "freeze motion"
    },
    {
      "weight": 0.84,
      "term": "(freeze motion:1.1)"
    },
    {
      "weight": 0.92,
      "term": "(freeze motion:1.2)"
    },
    {
      "weight": 1.01,
      "term": "(freeze motion:1.3)"
    },
    {
      "weight": 0.96,
      "term": "professional freeze motion"
    },
    {
      "weight": 1.09,
      "term": "high-quality freeze motion"
    },
    {
      "weight": 1.04,
      "term": "expert freeze motion"
    },
    {
      "weight": 1.07,
      "term": "masterful freeze motion"
    },
    {
      "weight": 1.09,
      "term": "superior freeze motion"
    },
    {
      "weight": 1.02,
      "term": "premium freeze motion"
    },
    {
      "weight": 0.87,
      "term": "long exposure"
    },
    {
      "weight": 1.19,
      "term": "(long exposure:1.1)"
    },
    {
      "weight": 0.87,
      "term": "(long exposure:1.2)"
    },
    {
      "weight": 1.02,
      "term": "(long exposure:1.3)"
    },
    {
      "weight": 0.94,
      "term": "professional long exposure"
    },
    {
      "weight": 1.0,
      "term": "high-quality long exposure"
    },
    {
      "weight": 0.87,
      "term": "expert long exposure"
    },
    {
      "weight": 1.02,
      "term": "masterful long exposure"
    },
    {
      "weight": 1.11,
      "term": "superior long exposure"
    },
    {
      "weight": 1.0,
      "term": "premium long exposure"
    },
    {
      "weight": 0.95,
      "term": "HDR effect"
    },
    {
      "weight": 1.06,
      "term": "(HDR effect:1.1)"
    },
    {
      "weight": 1.13,
      "term": "(HDR effect:1.2)"
    },
    {
      "weight": 0.84,
      "term": "(HDR effect:1.3)"
    },
    {
      "weight": 1.05,
      "term": "professional HDR effect"
    },
    {
      "weight": 0.93,
      "term": "high-quality HDR effect"
    },
    {
      "weight": 0.92,
      "term": "expert HDR effect"
    },
    {
      "weight": 1.01,
      "term": "masterful HDR effect"
    },
    {
      "weight": 1.15,
      "term": "superior HDR effect"
    },
    {
      "weight": 1.19,
      "term": "premium HDR effect"
    },
    {
      "weight": 0.95,
      "term": "lens flare"
    },
    {
      "weight": 1.07,
      "term": "(lens flare:1.1)"
    },
    {
      "weight": 0.93,
      "term": "(lens flare:1.2)"
    },
    {
      "weight": 1.08,
      "term": "(lens flare:1.3)"
    },
    {
      "weight": 1.16,
      "term": "professional lens flare"
    },
    {
      "weight": 0.84,
      "term": "high-quality lens flare"
    },
    {
      "weight": 0.85,
      "term": "expert lens flare"
    },
    {
      "weight": 1.19,
      "term": "masterful lens flare"
    },
    {
      "weight": 1.02,
      "term": "superior lens flare"
    },
    {
      "weight": 1.15,
      "term": "premium lens flare"
    },
    {
      "weight": 0.97,
      "term": "light leak"
    },
    {
      "weight": 0.85,
      "term": "(light leak:1.1)"
    },
    {
      "weight": 0.99,
      "term": "(light leak:1.2)"
    },
    {
      "weight": 0.84,
      "term": "(light leak:1.3)"
    },
    {
      "weight": 0.84,
      "term": "professional light leak"
    },
    {
      "weight": 0.87,
      "term": "high-quality light leak"
    },
    {
      "weight": 1.01,
      "term": "expert light leak"
    },
    {
      "weight": 0.93,
      "term": "masterful light leak"
    },
    {
      "weight": 1.09,
      "term": "superior light leak"
    },
    {
      "weight": 1.01,
      "term": "premium light leak"
    },
    {
      "weight": 1.11,
      "term": "vignette"
    },
    {
      "weight": 1.16,
      "term": "(vignette:1.1)"
    },
    {
      "weight": 1.09,
      "term": "(vignette:1.2)"
    },
    {
      "weight": 1.14,
      "term": "(vignette:1.3)"
    },
    {
      "weight": 1.03,
      "term": "professional vignette"
    },
    {
      "weight": 0.94,
      "term": "high-quality vignette"
    },
    {
      "weight": 1.18,
      "term": "expert vignette"
    },
    {
      "weight": 1.13,
      "term": "masterful vignette"
    },
    {
      "weight": 1.0,
      "term": "superior vignette"
    },
    {
      "weight": 0.97,
      "term": "premium vignette"
    },
    {
      "weight": 0.88,
      "term": "film grain"
    },
    {
      "weight": 1.17,
      "term": "(film grain:1.1)"
    },
    {
      "weight": 0.94,
      "term": "(film grain:1.2)"
    },
    {
      "weight": 1.12,
      "term": "(film grain:1.3)"
    },
    {
      "weight": 0.87,
      "term": "professional film grain"
    },
    {
      "weight": 1.03,
      "term": "high-quality film grain"
    },
    {
      "weight": 1.14,
      "term": "expert film grain"
    },
    {
      "weight": 1.19,
      "term": "masterful film grain"
    },
    {
      "weight": 1.04,
      "term": "superior film grain"
    },
    {
      "weight": 1.2,
      "term": "premium film grain"
    },
    {
      "weight": 1.07,
      "term": "texture"
    },
    {
      "weight": 1.13,
      "term": "(texture:1.1)"
    },
    {
      "weight": 1.19,
      "term": "(texture:1.2)"
    },
    {
      "weight": 1.06,
      "term": "(texture:1.3)"
    },
    {
      "weight": 0.91,
      "term": "professional texture"
    },
    {
      "weight": 0.87,
      "term": "high-quality texture"
    },
    {
      "weight": 1.03,
      "term": "expert texture"
    },
    {
      "weight": 1.17,
      "term": "masterful texture"
    },
    {
      "weight": 0.87,
      "term": "superior texture"
    },
    {
      "weight": 0.95,
      "term": "premium texture"
    },
    {
      "weight": 0.99,
      "term": "gradient"
    },
    {
      "weight": 0.85,
      "term": "(gradient:1.1)"
    },
    {
      "weight": 1.0,
      "term": "(gradient:1.2)"
    },
    {
      "weight": 0.94,
      "term": "(gradient:1.3)"
    },
    {
      "weight": 0.95,
      "term": "professional gradient"
    },
    {
      "weight": 0.92,
      "term": "high-quality gradient"
    },
    {
      "weight": 0.95,
      "term": "expert gradient"
    },
    {
      "weight": 1.18,
      "term": "masterful gradient"
    },
    {
      "weight": 0.93,
      "term": "superior gradient"
    },
    {
      "weight": 1.16,
      "term": "premium gradient"
    },
    {
      "weight": 1.06,
      "term": "smooth transition"
    },
    {
      "weight": 0.99,
      "term": "(smooth transition:1.1)"
    },
    {
      "weight": 1.1,
      "term": "(smooth transition:1.2)"
    },
    {
      "weight": 1.16,
      "term": "(smooth transition:1.3)"
    },
    {
      "weight": 0.89,
      "term": "professional smooth transition"
    },
    {
      "weight": 0.86,
      "term": "high-quality smooth transition"
    },
    {
      "weight": 0.99,
      "term": "expert smooth transition"
    },
    {
      "weight": 1.15,
      "term": "masterful smooth transition"
    },
    {
      "weight": 1.2,
      "term": "superior smooth transition"
    },
    {
      "weight": 0.93,
      "term": "premium smooth transition"
    },
    {
      "weight": 1.01,
      "term": "seamless blend"
    },
    {
      "weight": 0.85,
      "term": "(seamless blend:1.1)"
    },
    {
      "weight": 0.87,
      "term": "(seamless blend:1.2)"
    },
    {
      "weight": 0.8,
      "term": "(seamless blend:1.3)"
    },
    {
      "weight": 1.13,
      "term": "professional seamless blend"
    },
    {
      "weight": 1.13,
      "term": "high-quality seamless blend"
    },
    {
      "weight": 1.08,
      "term": "expert seamless blend"
    },
    {
      "weight": 0.89,
      "term": "masterful seamless blend"
    },
    {
      "weight": 0.87,
      "term": "superior seamless blend"
    },
    {
      "weight": 1.02,
      "term": "premium seamless blend"
    },
    {
      "weight": 0.94,
      "term": "natural look"
    },
    {
      "weight": 1.08,
      "term": "(natural look:1.1)"
    },
    {
      "weight": 1.06,
      "term": "(natural look:1.2)"
    },
    {
      "weight": 1.15,
      "term": "(natural look:1.3)"
    },
    {
      "weight": 1.17,
      "term": "professional natural look"
    },
    {
      "weight": 1.09,
      "term": "high-quality natural look"
    },
    {
      "weight": 1.08,
      "term": "expert natural look"
    },
    {
      "weight": 0.81,
      "term": "masterful natural look"
    },
    {
      "weight": 0.88,
      "term": "superior natural look"
    },
    {
      "weight": 1.03,
      "term": "premium natural look"
    }
  ]
}