{
  "name": "Body Descriptions",
  "description": "身体描述 - 身材、体型、比例、姿态特征的自然语言描述",
  "category": "body_descriptions",
  "total_entries": 512,
  "format": "natural_language",
  "entries": [
    {
      "weight": 1.0,
      "term": "She has a slender yet curvaceous physique with noticeable curves and a narrow waist, creating an overall impression of natural confidence"
    },
    {
      "weight": 0.96,
      "term": "She has a slender yet curvaceous physique with noticeable curves and a narrow waist, giving her an air of sophisticated allure"
    },
    {
      "weight": 1.04,
      "term": "She has a slender yet curvaceous physique with noticeable curves and a narrow waist, contributing to her photogenic and striking presence"
    },
    {
      "weight": 0.91,
      "term": "She has a slender yet curvaceous physique with noticeable curves and a narrow waist, enhancing her naturally charismatic appearance"
    },
    {
      "weight": 1.0,
      "term": "She has a slender yet curvaceous physique with noticeable curves and a narrow waist, adding to her effortlessly elegant demeanor"
    },
    {
      "weight": 1.0,
      "term": "She has a slender yet curvaceous physique with noticeable curves and a narrow waist, complementing her refined and polished look"
    },
    {
      "weight": 0.92,
      "term": "She has a slender yet curvaceous physique with noticeable curves and a narrow waist, supporting her naturally graceful movement"
    },
    {
      "weight": 1.09,
      "term": "She has a slender yet curvaceous physique with noticeable curves and a narrow waist, emphasizing her healthy and vibrant appearance"
    },
    {
      "weight": 0.91,
      "term": "She has a slender yet curvaceous physique with an hourglass silhouette that's naturally flattering, creating an overall impression of natural confidence"
    },
    {
      "weight": 0.96,
      "term": "She has a slender yet curvaceous physique with an hourglass silhouette that's naturally flattering, giving her an air of sophisticated allure"
    },
    {
      "weight": 0.97,
      "term": "She has a slender yet curvaceous physique with an hourglass silhouette that's naturally flattering, contributing to her photogenic and striking presence"
    },
    {
      "weight": 0.9,
      "term": "She has a slender yet curvaceous physique with an hourglass silhouette that's naturally flattering, enhancing her naturally charismatic appearance"
    },
    {
      "weight": 0.98,
      "term": "She has a slender yet curvaceous physique with an hourglass silhouette that's naturally flattering, adding to her effortlessly elegant demeanor"
    },
    {
      "weight": 1.02,
      "term": "She has a slender yet curvaceous physique with an hourglass silhouette that's naturally flattering, complementing her refined and polished look"
    },
    {
      "weight": 1.01,
      "term": "She has a slender yet curvaceous physique with an hourglass silhouette that's naturally flattering, supporting her naturally graceful movement"
    },
    {
      "weight": 0.94,
      "term": "She has a slender yet curvaceous physique with an hourglass silhouette that's naturally flattering, emphasizing her healthy and vibrant appearance"
    },
    {
      "weight": 0.99,
      "term": "She has a slender yet curvaceous physique with long, graceful limbs and perfect posture, creating an overall impression of natural confidence"
    },
    {
      "weight": 0.93,
      "term": "She has a slender yet curvaceous physique with long, graceful limbs and perfect posture, giving her an air of sophisticated allure"
    },
    {
      "weight": 0.99,
      "term": "She has a slender yet curvaceous physique with long, graceful limbs and perfect posture, contributing to her photogenic and striking presence"
    },
    {
      "weight": 1.09,
      "term": "She has a slender yet curvaceous physique with long, graceful limbs and perfect posture, enhancing her naturally charismatic appearance"
    },
    {
      "weight": 0.97,
      "term": "She has a slender yet curvaceous physique with long, graceful limbs and perfect posture, adding to her effortlessly elegant demeanor"
    },
    {
      "weight": 1.09,
      "term": "She has a slender yet curvaceous physique with long, graceful limbs and perfect posture, complementing her refined and polished look"
    },
    {
      "weight": 0.91,
      "term": "She has a slender yet curvaceous physique with long, graceful limbs and perfect posture, supporting her naturally graceful movement"
    },
    {
      "weight": 0.99,
      "term": "She has a slender yet curvaceous physique with long, graceful limbs and perfect posture, emphasizing her healthy and vibrant appearance"
    },
    {
      "weight": 0.95,
      "term": "She has a slender yet curvaceous physique with subtle muscle definition from an active lifestyle, creating an overall impression of natural confidence"
    },
    {
      "weight": 1.0,
      "term": "She has a slender yet curvaceous physique with subtle muscle definition from an active lifestyle, giving her an air of sophisticated allure"
    },
    {
      "weight": 0.92,
      "term": "She has a slender yet curvaceous physique with subtle muscle definition from an active lifestyle, contributing to her photogenic and striking presence"
    },
    {
      "weight": 0.99,
      "term": "She has a slender yet curvaceous physique with subtle muscle definition from an active lifestyle, enhancing her naturally charismatic appearance"
    },
    {
      "weight": 1.08,
      "term": "She has a slender yet curvaceous physique with subtle muscle definition from an active lifestyle, adding to her effortlessly elegant demeanor"
    },
    {
      "weight": 0.98,
      "term": "She has a slender yet curvaceous physique with subtle muscle definition from an active lifestyle, complementing her refined and polished look"
    },
    {
      "weight": 1.09,
      "term": "She has a slender yet curvaceous physique with subtle muscle definition from an active lifestyle, supporting her naturally graceful movement"
    },
    {
      "weight": 1.09,
      "term": "She has a slender yet curvaceous physique with subtle muscle definition from an active lifestyle, emphasizing her healthy and vibrant appearance"
    },
    {
      "weight": 1.05,
      "term": "She has a slender yet curvaceous physique with a dancer's grace evident in her carriage, creating an overall impression of natural confidence"
    },
    {
      "weight": 1.06,
      "term": "She has a slender yet curvaceous physique with a dancer's grace evident in her carriage, giving her an air of sophisticated allure"
    },
    {
      "weight": 0.92,
      "term": "She has a slender yet curvaceous physique with a dancer's grace evident in her carriage, contributing to her photogenic and striking presence"
    },
    {
      "weight": 1.0,
      "term": "She has a slender yet curvaceous physique with a dancer's grace evident in her carriage, enhancing her naturally charismatic appearance"
    },
    {
      "weight": 1.05,
      "term": "She has a slender yet curvaceous physique with a dancer's grace evident in her carriage, adding to her effortlessly elegant demeanor"
    },
    {
      "weight": 1.06,
      "term": "She has a slender yet curvaceous physique with a dancer's grace evident in her carriage, complementing her refined and polished look"
    },
    {
      "weight": 0.95,
      "term": "She has a slender yet curvaceous physique with a dancer's grace evident in her carriage, supporting her naturally graceful movement"
    },
    {
      "weight": 0.95,
      "term": "She has a slender yet curvaceous physique with a dancer's grace evident in her carriage, emphasizing her healthy and vibrant appearance"
    },
    {
      "weight": 1.1,
      "term": "She has a slender yet curvaceous physique with natural femininity enhanced by good fitness, creating an overall impression of natural confidence"
    },
    {
      "weight": 0.96,
      "term": "She has a slender yet curvaceous physique with natural femininity enhanced by good fitness, giving her an air of sophisticated allure"
    },
    {
      "weight": 1.08,
      "term": "She has a slender yet curvaceous physique with natural femininity enhanced by good fitness, contributing to her photogenic and striking presence"
    },
    {
      "weight": 0.94,
      "term": "She has a slender yet curvaceous physique with natural femininity enhanced by good fitness, enhancing her naturally charismatic appearance"
    },
    {
      "weight": 1.07,
      "term": "She has a slender yet curvaceous physique with natural femininity enhanced by good fitness, adding to her effortlessly elegant demeanor"
    },
    {
      "weight": 1.04,
      "term": "She has a slender yet curvaceous physique with natural femininity enhanced by good fitness, complementing her refined and polished look"
    },
    {
      "weight": 0.95,
      "term": "She has a slender yet curvaceous physique with natural femininity enhanced by good fitness, supporting her naturally graceful movement"
    },
    {
      "weight": 1.01,
      "term": "She has a slender yet curvaceous physique with natural femininity enhanced by good fitness, emphasizing her healthy and vibrant appearance"
    },
    {
      "weight": 0.9,
      "term": "She has a slender yet curvaceous physique with proportions that suggest both strength and elegance, creating an overall impression of natural confidence"
    },
    {
      "weight": 0.93,
      "term": "She has a slender yet curvaceous physique with proportions that suggest both strength and elegance, giving her an air of sophisticated allure"
    },
    {
      "weight": 0.94,
      "term": "She has a slender yet curvaceous physique with proportions that suggest both strength and elegance, contributing to her photogenic and striking presence"
    },
    {
      "weight": 0.91,
      "term": "She has a slender yet curvaceous physique with proportions that suggest both strength and elegance, enhancing her naturally charismatic appearance"
    },
    {
      "weight": 1.03,
      "term": "She has a slender yet curvaceous physique with proportions that suggest both strength and elegance, adding to her effortlessly elegant demeanor"
    },
    {
      "weight": 0.99,
      "term": "She has a slender yet curvaceous physique with proportions that suggest both strength and elegance, complementing her refined and polished look"
    },
    {
      "weight": 0.98,
      "term": "She has a slender yet curvaceous physique with proportions that suggest both strength and elegance, supporting her naturally graceful movement"
    },
    {
      "weight": 0.96,
      "term": "She has a slender yet curvaceous physique with proportions that suggest both strength and elegance, emphasizing her healthy and vibrant appearance"
    },
    {
      "weight": 1.06,
      "term": "She has a slender yet curvaceous physique with a confident bearing that enhances her natural beauty, creating an overall impression of natural confidence"
    },
    {
      "weight": 1.08,
      "term": "She has a slender yet curvaceous physique with a confident bearing that enhances her natural beauty, giving her an air of sophisticated allure"
    },
    {
      "weight": 0.98,
      "term": "She has a slender yet curvaceous physique with a confident bearing that enhances her natural beauty, contributing to her photogenic and striking presence"
    },
    {
      "weight": 1.01,
      "term": "She has a slender yet curvaceous physique with a confident bearing that enhances her natural beauty, enhancing her naturally charismatic appearance"
    },
    {
      "weight": 1.09,
      "term": "She has a slender yet curvaceous physique with a confident bearing that enhances her natural beauty, adding to her effortlessly elegant demeanor"
    },
    {
      "weight": 0.98,
      "term": "She has a slender yet curvaceous physique with a confident bearing that enhances her natural beauty, complementing her refined and polished look"
    },
    {
      "weight": 0.99,
      "term": "She has a slender yet curvaceous physique with a confident bearing that enhances her natural beauty, supporting her naturally graceful movement"
    },
    {
      "weight": 1.0,
      "term": "She has a slender yet curvaceous physique with a confident bearing that enhances her natural beauty, emphasizing her healthy and vibrant appearance"
    },
    {
      "weight": 1.04,
      "term": "Her figure displays elegant proportions with noticeable curves and a narrow waist, creating an overall impression of natural confidence"
    },
    {
      "weight": 0.94,
      "term": "Her figure displays elegant proportions with noticeable curves and a narrow waist, giving her an air of sophisticated allure"
    },
    {
      "weight": 1.06,
      "term": "Her figure displays elegant proportions with noticeable curves and a narrow waist, contributing to her photogenic and striking presence"
    },
    {
      "weight": 0.96,
      "term": "Her figure displays elegant proportions with noticeable curves and a narrow waist, enhancing her naturally charismatic appearance"
    },
    {
      "weight": 0.95,
      "term": "Her figure displays elegant proportions with noticeable curves and a narrow waist, adding to her effortlessly elegant demeanor"
    },
    {
      "weight": 1.0,
      "term": "Her figure displays elegant proportions with noticeable curves and a narrow waist, complementing her refined and polished look"
    },
    {
      "weight": 0.91,
      "term": "Her figure displays elegant proportions with noticeable curves and a narrow waist, supporting her naturally graceful movement"
    },
    {
      "weight": 1.03,
      "term": "Her figure displays elegant proportions with noticeable curves and a narrow waist, emphasizing her healthy and vibrant appearance"
    },
    {
      "weight": 0.99,
      "term": "Her figure displays elegant proportions with an hourglass silhouette that's naturally flattering, creating an overall impression of natural confidence"
    },
    {
      "weight": 1.04,
      "term": "Her figure displays elegant proportions with an hourglass silhouette that's naturally flattering, giving her an air of sophisticated allure"
    },
    {
      "weight": 0.94,
      "term": "Her figure displays elegant proportions with an hourglass silhouette that's naturally flattering, contributing to her photogenic and striking presence"
    },
    {
      "weight": 1.1,
      "term": "Her figure displays elegant proportions with an hourglass silhouette that's naturally flattering, enhancing her naturally charismatic appearance"
    },
    {
      "weight": 0.92,
      "term": "Her figure displays elegant proportions with an hourglass silhouette that's naturally flattering, adding to her effortlessly elegant demeanor"
    },
    {
      "weight": 1.07,
      "term": "Her figure displays elegant proportions with an hourglass silhouette that's naturally flattering, complementing her refined and polished look"
    },
    {
      "weight": 0.94,
      "term": "Her figure displays elegant proportions with an hourglass silhouette that's naturally flattering, supporting her naturally graceful movement"
    },
    {
      "weight": 1.01,
      "term": "Her figure displays elegant proportions with an hourglass silhouette that's naturally flattering, emphasizing her healthy and vibrant appearance"
    },
    {
      "weight": 0.94,
      "term": "Her figure displays elegant proportions with long, graceful limbs and perfect posture, creating an overall impression of natural confidence"
    },
    {
      "weight": 1.0,
      "term": "Her figure displays elegant proportions with long, graceful limbs and perfect posture, giving her an air of sophisticated allure"
    },
    {
      "weight": 1.09,
      "term": "Her figure displays elegant proportions with long, graceful limbs and perfect posture, contributing to her photogenic and striking presence"
    },
    {
      "weight": 0.95,
      "term": "Her figure displays elegant proportions with long, graceful limbs and perfect posture, enhancing her naturally charismatic appearance"
    },
    {
      "weight": 1.0,
      "term": "Her figure displays elegant proportions with long, graceful limbs and perfect posture, adding to her effortlessly elegant demeanor"
    },
    {
      "weight": 0.93,
      "term": "Her figure displays elegant proportions with long, graceful limbs and perfect posture, complementing her refined and polished look"
    },
    {
      "weight": 0.95,
      "term": "Her figure displays elegant proportions with long, graceful limbs and perfect posture, supporting her naturally graceful movement"
    },
    {
      "weight": 0.98,
      "term": "Her figure displays elegant proportions with long, graceful limbs and perfect posture, emphasizing her healthy and vibrant appearance"
    },
    {
      "weight": 0.96,
      "term": "Her figure displays elegant proportions with subtle muscle definition from an active lifestyle, creating an overall impression of natural confidence"
    },
    {
      "weight": 1.04,
      "term": "Her figure displays elegant proportions with subtle muscle definition from an active lifestyle, giving her an air of sophisticated allure"
    },
    {
      "weight": 1.07,
      "term": "Her figure displays elegant proportions with subtle muscle definition from an active lifestyle, contributing to her photogenic and striking presence"
    },
    {
      "weight": 0.94,
      "term": "Her figure displays elegant proportions with subtle muscle definition from an active lifestyle, enhancing her naturally charismatic appearance"
    },
    {
      "weight": 1.07,
      "term": "Her figure displays elegant proportions with subtle muscle definition from an active lifestyle, adding to her effortlessly elegant demeanor"
    },
    {
      "weight": 0.96,
      "term": "Her figure displays elegant proportions with subtle muscle definition from an active lifestyle, complementing her refined and polished look"
    },
    {
      "weight": 1.04,
      "term": "Her figure displays elegant proportions with subtle muscle definition from an active lifestyle, supporting her naturally graceful movement"
    },
    {
      "weight": 1.06,
      "term": "Her figure displays elegant proportions with subtle muscle definition from an active lifestyle, emphasizing her healthy and vibrant appearance"
    },
    {
      "weight": 1.03,
      "term": "Her figure displays elegant proportions with a dancer's grace evident in her carriage, creating an overall impression of natural confidence"
    },
    {
      "weight": 1.01,
      "term": "Her figure displays elegant proportions with a dancer's grace evident in her carriage, giving her an air of sophisticated allure"
    },
    {
      "weight": 1.0,
      "term": "Her figure displays elegant proportions with a dancer's grace evident in her carriage, contributing to her photogenic and striking presence"
    },
    {
      "weight": 1.0,
      "term": "Her figure displays elegant proportions with a dancer's grace evident in her carriage, enhancing her naturally charismatic appearance"
    },
    {
      "weight": 0.92,
      "term": "Her figure displays elegant proportions with a dancer's grace evident in her carriage, adding to her effortlessly elegant demeanor"
    },
    {
      "weight": 1.07,
      "term": "Her figure displays elegant proportions with a dancer's grace evident in her carriage, complementing her refined and polished look"
    },
    {
      "weight": 1.06,
      "term": "Her figure displays elegant proportions with a dancer's grace evident in her carriage, supporting her naturally graceful movement"
    },
    {
      "weight": 0.96,
      "term": "Her figure displays elegant proportions with a dancer's grace evident in her carriage, emphasizing her healthy and vibrant appearance"
    },
    {
      "weight": 1.09,
      "term": "Her figure displays elegant proportions with natural femininity enhanced by good fitness, creating an overall impression of natural confidence"
    },
    {
      "weight": 0.96,
      "term": "Her figure displays elegant proportions with natural femininity enhanced by good fitness, giving her an air of sophisticated allure"
    },
    {
      "weight": 0.98,
      "term": "Her figure displays elegant proportions with natural femininity enhanced by good fitness, contributing to her photogenic and striking presence"
    },
    {
      "weight": 0.95,
      "term": "Her figure displays elegant proportions with natural femininity enhanced by good fitness, enhancing her naturally charismatic appearance"
    },
    {
      "weight": 0.98,
      "term": "Her figure displays elegant proportions with natural femininity enhanced by good fitness, adding to her effortlessly elegant demeanor"
    },
    {
      "weight": 0.95,
      "term": "Her figure displays elegant proportions with natural femininity enhanced by good fitness, complementing her refined and polished look"
    },
    {
      "weight": 0.97,
      "term": "Her figure displays elegant proportions with natural femininity enhanced by good fitness, supporting her naturally graceful movement"
    },
    {
      "weight": 0.97,
      "term": "Her figure displays elegant proportions with natural femininity enhanced by good fitness, emphasizing her healthy and vibrant appearance"
    },
    {
      "weight": 1.09,
      "term": "Her figure displays elegant proportions with proportions that suggest both strength and elegance, creating an overall impression of natural confidence"
    },
    {
      "weight": 1.0,
      "term": "Her figure displays elegant proportions with proportions that suggest both strength and elegance, giving her an air of sophisticated allure"
    },
    {
      "weight": 0.91,
      "term": "Her figure displays elegant proportions with proportions that suggest both strength and elegance, contributing to her photogenic and striking presence"
    },
    {
      "weight": 0.96,
      "term": "Her figure displays elegant proportions with proportions that suggest both strength and elegance, enhancing her naturally charismatic appearance"
    },
    {
      "weight": 0.97,
      "term": "Her figure displays elegant proportions with proportions that suggest both strength and elegance, adding to her effortlessly elegant demeanor"
    },
    {
      "weight": 1.03,
      "term": "Her figure displays elegant proportions with proportions that suggest both strength and elegance, complementing her refined and polished look"
    },
    {
      "weight": 1.02,
      "term": "Her figure displays elegant proportions with proportions that suggest both strength and elegance, supporting her naturally graceful movement"
    },
    {
      "weight": 0.96,
      "term": "Her figure displays elegant proportions with proportions that suggest both strength and elegance, emphasizing her healthy and vibrant appearance"
    },
    {
      "weight": 0.98,
      "term": "Her figure displays elegant proportions with a confident bearing that enhances her natural beauty, creating an overall impression of natural confidence"
    },
    {
      "weight": 1.09,
      "term": "Her figure displays elegant proportions with a confident bearing that enhances her natural beauty, giving her an air of sophisticated allure"
    },
    {
      "weight": 0.91,
      "term": "Her figure displays elegant proportions with a confident bearing that enhances her natural beauty, contributing to her photogenic and striking presence"
    },
    {
      "weight": 0.99,
      "term": "Her figure displays elegant proportions with a confident bearing that enhances her natural beauty, enhancing her naturally charismatic appearance"
    },
    {
      "weight": 1.03,
      "term": "Her figure displays elegant proportions with a confident bearing that enhances her natural beauty, adding to her effortlessly elegant demeanor"
    },
    {
      "weight": 1.08,
      "term": "Her figure displays elegant proportions with a confident bearing that enhances her natural beauty, complementing her refined and polished look"
    },
    {
      "weight": 1.04,
      "term": "Her figure displays elegant proportions with a confident bearing that enhances her natural beauty, supporting her naturally graceful movement"
    },
    {
      "weight": 1.05,
      "term": "Her figure displays elegant proportions with a confident bearing that enhances her natural beauty, emphasizing her healthy and vibrant appearance"
    },
    {
      "weight": 0.94,
      "term": "She possesses an athletic and toned build with noticeable curves and a narrow waist, creating an overall impression of natural confidence"
    },
    {
      "weight": 0.91,
      "term": "She possesses an athletic and toned build with noticeable curves and a narrow waist, giving her an air of sophisticated allure"
    },
    {
      "weight": 0.94,
      "term": "She possesses an athletic and toned build with noticeable curves and a narrow waist, contributing to her photogenic and striking presence"
    },
    {
      "weight": 1.04,
      "term": "She possesses an athletic and toned build with noticeable curves and a narrow waist, enhancing her naturally charismatic appearance"
    },
    {
      "weight": 0.99,
      "term": "She possesses an athletic and toned build with noticeable curves and a narrow waist, adding to her effortlessly elegant demeanor"
    },
    {
      "weight": 1.05,
      "term": "She possesses an athletic and toned build with noticeable curves and a narrow waist, complementing her refined and polished look"
    },
    {
      "weight": 0.97,
      "term": "She possesses an athletic and toned build with noticeable curves and a narrow waist, supporting her naturally graceful movement"
    },
    {
      "weight": 1.1,
      "term": "She possesses an athletic and toned build with noticeable curves and a narrow waist, emphasizing her healthy and vibrant appearance"
    },
    {
      "weight": 0.92,
      "term": "She possesses an athletic and toned build with an hourglass silhouette that's naturally flattering, creating an overall impression of natural confidence"
    },
    {
      "weight": 1.1,
      "term": "She possesses an athletic and toned build with an hourglass silhouette that's naturally flattering, giving her an air of sophisticated allure"
    },
    {
      "weight": 0.95,
      "term": "She possesses an athletic and toned build with an hourglass silhouette that's naturally flattering, contributing to her photogenic and striking presence"
    },
    {
      "weight": 0.97,
      "term": "She possesses an athletic and toned build with an hourglass silhouette that's naturally flattering, enhancing her naturally charismatic appearance"
    },
    {
      "weight": 0.92,
      "term": "She possesses an athletic and toned build with an hourglass silhouette that's naturally flattering, adding to her effortlessly elegant demeanor"
    },
    {
      "weight": 0.95,
      "term": "She possesses an athletic and toned build with an hourglass silhouette that's naturally flattering, complementing her refined and polished look"
    },
    {
      "weight": 0.98,
      "term": "She possesses an athletic and toned build with an hourglass silhouette that's naturally flattering, supporting her naturally graceful movement"
    },
    {
      "weight": 1.09,
      "term": "She possesses an athletic and toned build with an hourglass silhouette that's naturally flattering, emphasizing her healthy and vibrant appearance"
    },
    {
      "weight": 0.94,
      "term": "She possesses an athletic and toned build with long, graceful limbs and perfect posture, creating an overall impression of natural confidence"
    },
    {
      "weight": 1.06,
      "term": "She possesses an athletic and toned build with long, graceful limbs and perfect posture, giving her an air of sophisticated allure"
    },
    {
      "weight": 0.95,
      "term": "She possesses an athletic and toned build with long, graceful limbs and perfect posture, contributing to her photogenic and striking presence"
    },
    {
      "weight": 1.0,
      "term": "She possesses an athletic and toned build with long, graceful limbs and perfect posture, enhancing her naturally charismatic appearance"
    },
    {
      "weight": 0.97,
      "term": "She possesses an athletic and toned build with long, graceful limbs and perfect posture, adding to her effortlessly elegant demeanor"
    },
    {
      "weight": 0.98,
      "term": "She possesses an athletic and toned build with long, graceful limbs and perfect posture, complementing her refined and polished look"
    },
    {
      "weight": 1.0,
      "term": "She possesses an athletic and toned build with long, graceful limbs and perfect posture, supporting her naturally graceful movement"
    },
    {
      "weight": 0.98,
      "term": "She possesses an athletic and toned build with long, graceful limbs and perfect posture, emphasizing her healthy and vibrant appearance"
    },
    {
      "weight": 1.05,
      "term": "She possesses an athletic and toned build with subtle muscle definition from an active lifestyle, creating an overall impression of natural confidence"
    },
    {
      "weight": 1.06,
      "term": "She possesses an athletic and toned build with subtle muscle definition from an active lifestyle, giving her an air of sophisticated allure"
    },
    {
      "weight": 1.08,
      "term": "She possesses an athletic and toned build with subtle muscle definition from an active lifestyle, contributing to her photogenic and striking presence"
    },
    {
      "weight": 1.1,
      "term": "She possesses an athletic and toned build with subtle muscle definition from an active lifestyle, enhancing her naturally charismatic appearance"
    },
    {
      "weight": 1.02,
      "term": "She possesses an athletic and toned build with subtle muscle definition from an active lifestyle, adding to her effortlessly elegant demeanor"
    },
    {
      "weight": 0.92,
      "term": "She possesses an athletic and toned build with subtle muscle definition from an active lifestyle, complementing her refined and polished look"
    },
    {
      "weight": 0.92,
      "term": "She possesses an athletic and toned build with subtle muscle definition from an active lifestyle, supporting her naturally graceful movement"
    },
    {
      "weight": 1.05,
      "term": "She possesses an athletic and toned build with subtle muscle definition from an active lifestyle, emphasizing her healthy and vibrant appearance"
    },
    {
      "weight": 1.01,
      "term": "She possesses an athletic and toned build with a dancer's grace evident in her carriage, creating an overall impression of natural confidence"
    },
    {
      "weight": 1.02,
      "term": "She possesses an athletic and toned build with a dancer's grace evident in her carriage, giving her an air of sophisticated allure"
    },
    {
      "weight": 0.98,
      "term": "She possesses an athletic and toned build with a dancer's grace evident in her carriage, contributing to her photogenic and striking presence"
    },
    {
      "weight": 1.08,
      "term": "She possesses an athletic and toned build with a dancer's grace evident in her carriage, enhancing her naturally charismatic appearance"
    },
    {
      "weight": 0.96,
      "term": "She possesses an athletic and toned build with a dancer's grace evident in her carriage, adding to her effortlessly elegant demeanor"
    },
    {
      "weight": 1.01,
      "term": "She possesses an athletic and toned build with a dancer's grace evident in her carriage, complementing her refined and polished look"
    },
    {
      "weight": 1.02,
      "term": "She possesses an athletic and toned build with a dancer's grace evident in her carriage, supporting her naturally graceful movement"
    },
    {
      "weight": 1.08,
      "term": "She possesses an athletic and toned build with a dancer's grace evident in her carriage, emphasizing her healthy and vibrant appearance"
    },
    {
      "weight": 0.93,
      "term": "She possesses an athletic and toned build with natural femininity enhanced by good fitness, creating an overall impression of natural confidence"
    },
    {
      "weight": 0.99,
      "term": "She possesses an athletic and toned build with natural femininity enhanced by good fitness, giving her an air of sophisticated allure"
    },
    {
      "weight": 0.93,
      "term": "She possesses an athletic and toned build with natural femininity enhanced by good fitness, contributing to her photogenic and striking presence"
    },
    {
      "weight": 0.96,
      "term": "She possesses an athletic and toned build with natural femininity enhanced by good fitness, enhancing her naturally charismatic appearance"
    },
    {
      "weight": 0.96,
      "term": "She possesses an athletic and toned build with natural femininity enhanced by good fitness, adding to her effortlessly elegant demeanor"
    },
    {
      "weight": 0.95,
      "term": "She possesses an athletic and toned build with natural femininity enhanced by good fitness, complementing her refined and polished look"
    },
    {
      "weight": 1.01,
      "term": "She possesses an athletic and toned build with natural femininity enhanced by good fitness, supporting her naturally graceful movement"
    },
    {
      "weight": 0.91,
      "term": "She possesses an athletic and toned build with natural femininity enhanced by good fitness, emphasizing her healthy and vibrant appearance"
    },
    {
      "weight": 0.92,
      "term": "She possesses an athletic and toned build with proportions that suggest both strength and elegance, creating an overall impression of natural confidence"
    },
    {
      "weight": 1.09,
      "term": "She possesses an athletic and toned build with proportions that suggest both strength and elegance, giving her an air of sophisticated allure"
    },
    {
      "weight": 1.0,
      "term": "She possesses an athletic and toned build with proportions that suggest both strength and elegance, contributing to her photogenic and striking presence"
    },
    {
      "weight": 1.06,
      "term": "She possesses an athletic and toned build with proportions that suggest both strength and elegance, enhancing her naturally charismatic appearance"
    },
    {
      "weight": 0.92,
      "term": "She possesses an athletic and toned build with proportions that suggest both strength and elegance, adding to her effortlessly elegant demeanor"
    },
    {
      "weight": 0.99,
      "term": "She possesses an athletic and toned build with proportions that suggest both strength and elegance, complementing her refined and polished look"
    },
    {
      "weight": 1.05,
      "term": "She possesses an athletic and toned build with proportions that suggest both strength and elegance, supporting her naturally graceful movement"
    },
    {
      "weight": 0.97,
      "term": "She possesses an athletic and toned build with proportions that suggest both strength and elegance, emphasizing her healthy and vibrant appearance"
    },
    {
      "weight": 0.92,
      "term": "She possesses an athletic and toned build with a confident bearing that enhances her natural beauty, creating an overall impression of natural confidence"
    },
    {
      "weight": 1.02,
      "term": "She possesses an athletic and toned build with a confident bearing that enhances her natural beauty, giving her an air of sophisticated allure"
    },
    {
      "weight": 1.01,
      "term": "She possesses an athletic and toned build with a confident bearing that enhances her natural beauty, contributing to her photogenic and striking presence"
    },
    {
      "weight": 1.02,
      "term": "She possesses an athletic and toned build with a confident bearing that enhances her natural beauty, enhancing her naturally charismatic appearance"
    },
    {
      "weight": 1.06,
      "term": "She possesses an athletic and toned build with a confident bearing that enhances her natural beauty, adding to her effortlessly elegant demeanor"
    },
    {
      "weight": 1.0,
      "term": "She possesses an athletic and toned build with a confident bearing that enhances her natural beauty, complementing her refined and polished look"
    },
    {
      "weight": 0.96,
      "term": "She possesses an athletic and toned build with a confident bearing that enhances her natural beauty, supporting her naturally graceful movement"
    },
    {
      "weight": 0.93,
      "term": "She possesses an athletic and toned build with a confident bearing that enhances her natural beauty, emphasizing her healthy and vibrant appearance"
    },
    {
      "weight": 1.02,
      "term": "Her body shows natural, graceful curves with noticeable curves and a narrow waist, creating an overall impression of natural confidence"
    },
    {
      "weight": 0.93,
      "term": "Her body shows natural, graceful curves with noticeable curves and a narrow waist, giving her an air of sophisticated allure"
    },
    {
      "weight": 1.02,
      "term": "Her body shows natural, graceful curves with noticeable curves and a narrow waist, contributing to her photogenic and striking presence"
    },
    {
      "weight": 0.92,
      "term": "Her body shows natural, graceful curves with noticeable curves and a narrow waist, enhancing her naturally charismatic appearance"
    },
    {
      "weight": 0.92,
      "term": "Her body shows natural, graceful curves with noticeable curves and a narrow waist, adding to her effortlessly elegant demeanor"
    },
    {
      "weight": 1.06,
      "term": "Her body shows natural, graceful curves with noticeable curves and a narrow waist, complementing her refined and polished look"
    },
    {
      "weight": 1.04,
      "term": "Her body shows natural, graceful curves with noticeable curves and a narrow waist, supporting her naturally graceful movement"
    },
    {
      "weight": 1.09,
      "term": "Her body shows natural, graceful curves with noticeable curves and a narrow waist, emphasizing her healthy and vibrant appearance"
    },
    {
      "weight": 0.97,
      "term": "Her body shows natural, graceful curves with an hourglass silhouette that's naturally flattering, creating an overall impression of natural confidence"
    },
    {
      "weight": 1.01,
      "term": "Her body shows natural, graceful curves with an hourglass silhouette that's naturally flattering, giving her an air of sophisticated allure"
    },
    {
      "weight": 0.93,
      "term": "Her body shows natural, graceful curves with an hourglass silhouette that's naturally flattering, contributing to her photogenic and striking presence"
    },
    {
      "weight": 1.03,
      "term": "Her body shows natural, graceful curves with an hourglass silhouette that's naturally flattering, enhancing her naturally charismatic appearance"
    },
    {
      "weight": 0.9,
      "term": "Her body shows natural, graceful curves with an hourglass silhouette that's naturally flattering, adding to her effortlessly elegant demeanor"
    },
    {
      "weight": 1.09,
      "term": "Her body shows natural, graceful curves with an hourglass silhouette that's naturally flattering, complementing her refined and polished look"
    },
    {
      "weight": 1.07,
      "term": "Her body shows natural, graceful curves with an hourglass silhouette that's naturally flattering, supporting her naturally graceful movement"
    },
    {
      "weight": 0.9,
      "term": "Her body shows natural, graceful curves with an hourglass silhouette that's naturally flattering, emphasizing her healthy and vibrant appearance"
    },
    {
      "weight": 0.97,
      "term": "Her body shows natural, graceful curves with long, graceful limbs and perfect posture, creating an overall impression of natural confidence"
    },
    {
      "weight": 0.95,
      "term": "Her body shows natural, graceful curves with long, graceful limbs and perfect posture, giving her an air of sophisticated allure"
    },
    {
      "weight": 1.06,
      "term": "Her body shows natural, graceful curves with long, graceful limbs and perfect posture, contributing to her photogenic and striking presence"
    },
    {
      "weight": 0.95,
      "term": "Her body shows natural, graceful curves with long, graceful limbs and perfect posture, enhancing her naturally charismatic appearance"
    },
    {
      "weight": 1.0,
      "term": "Her body shows natural, graceful curves with long, graceful limbs and perfect posture, adding to her effortlessly elegant demeanor"
    },
    {
      "weight": 0.95,
      "term": "Her body shows natural, graceful curves with long, graceful limbs and perfect posture, complementing her refined and polished look"
    },
    {
      "weight": 0.93,
      "term": "Her body shows natural, graceful curves with long, graceful limbs and perfect posture, supporting her naturally graceful movement"
    },
    {
      "weight": 1.08,
      "term": "Her body shows natural, graceful curves with long, graceful limbs and perfect posture, emphasizing her healthy and vibrant appearance"
    },
    {
      "weight": 0.9,
      "term": "Her body shows natural, graceful curves with subtle muscle definition from an active lifestyle, creating an overall impression of natural confidence"
    },
    {
      "weight": 0.98,
      "term": "Her body shows natural, graceful curves with subtle muscle definition from an active lifestyle, giving her an air of sophisticated allure"
    },
    {
      "weight": 1.1,
      "term": "Her body shows natural, graceful curves with subtle muscle definition from an active lifestyle, contributing to her photogenic and striking presence"
    },
    {
      "weight": 0.97,
      "term": "Her body shows natural, graceful curves with subtle muscle definition from an active lifestyle, enhancing her naturally charismatic appearance"
    },
    {
      "weight": 0.98,
      "term": "Her body shows natural, graceful curves with subtle muscle definition from an active lifestyle, adding to her effortlessly elegant demeanor"
    },
    {
      "weight": 1.05,
      "term": "Her body shows natural, graceful curves with subtle muscle definition from an active lifestyle, complementing her refined and polished look"
    },
    {
      "weight": 1.08,
      "term": "Her body shows natural, graceful curves with subtle muscle definition from an active lifestyle, supporting her naturally graceful movement"
    },
    {
      "weight": 1.05,
      "term": "Her body shows natural, graceful curves with subtle muscle definition from an active lifestyle, emphasizing her healthy and vibrant appearance"
    },
    {
      "weight": 1.01,
      "term": "Her body shows natural, graceful curves with a dancer's grace evident in her carriage, creating an overall impression of natural confidence"
    },
    {
      "weight": 1.1,
      "term": "Her body shows natural, graceful curves with a dancer's grace evident in her carriage, giving her an air of sophisticated allure"
    },
    {
      "weight": 1.0,
      "term": "Her body shows natural, graceful curves with a dancer's grace evident in her carriage, contributing to her photogenic and striking presence"
    },
    {
      "weight": 1.0,
      "term": "Her body shows natural, graceful curves with a dancer's grace evident in her carriage, enhancing her naturally charismatic appearance"
    },
    {
      "weight": 0.99,
      "term": "Her body shows natural, graceful curves with a dancer's grace evident in her carriage, adding to her effortlessly elegant demeanor"
    },
    {
      "weight": 0.98,
      "term": "Her body shows natural, graceful curves with a dancer's grace evident in her carriage, complementing her refined and polished look"
    },
    {
      "weight": 1.1,
      "term": "Her body shows natural, graceful curves with a dancer's grace evident in her carriage, supporting her naturally graceful movement"
    },
    {
      "weight": 1.0,
      "term": "Her body shows natural, graceful curves with a dancer's grace evident in her carriage, emphasizing her healthy and vibrant appearance"
    },
    {
      "weight": 1.01,
      "term": "Her body shows natural, graceful curves with natural femininity enhanced by good fitness, creating an overall impression of natural confidence"
    },
    {
      "weight": 0.93,
      "term": "Her body shows natural, graceful curves with natural femininity enhanced by good fitness, giving her an air of sophisticated allure"
    },
    {
      "weight": 0.93,
      "term": "Her body shows natural, graceful curves with natural femininity enhanced by good fitness, contributing to her photogenic and striking presence"
    },
    {
      "weight": 0.94,
      "term": "Her body shows natural, graceful curves with natural femininity enhanced by good fitness, enhancing her naturally charismatic appearance"
    },
    {
      "weight": 0.95,
      "term": "Her body shows natural, graceful curves with natural femininity enhanced by good fitness, adding to her effortlessly elegant demeanor"
    },
    {
      "weight": 1.09,
      "term": "Her body shows natural, graceful curves with natural femininity enhanced by good fitness, complementing her refined and polished look"
    },
    {
      "weight": 1.03,
      "term": "Her body shows natural, graceful curves with natural femininity enhanced by good fitness, supporting her naturally graceful movement"
    },
    {
      "weight": 0.94,
      "term": "Her body shows natural, graceful curves with natural femininity enhanced by good fitness, emphasizing her healthy and vibrant appearance"
    },
    {
      "weight": 1.0,
      "term": "Her body shows natural, graceful curves with proportions that suggest both strength and elegance, creating an overall impression of natural confidence"
    },
    {
      "weight": 0.91,
      "term": "Her body shows natural, graceful curves with proportions that suggest both strength and elegance, giving her an air of sophisticated allure"
    },
    {
      "weight": 1.05,
      "term": "Her body shows natural, graceful curves with proportions that suggest both strength and elegance, contributing to her photogenic and striking presence"
    },
    {
      "weight": 0.91,
      "term": "Her body shows natural, graceful curves with proportions that suggest both strength and elegance, enhancing her naturally charismatic appearance"
    },
    {
      "weight": 1.09,
      "term": "Her body shows natural, graceful curves with proportions that suggest both strength and elegance, adding to her effortlessly elegant demeanor"
    },
    {
      "weight": 1.02,
      "term": "Her body shows natural, graceful curves with proportions that suggest both strength and elegance, complementing her refined and polished look"
    },
    {
      "weight": 0.94,
      "term": "Her body shows natural, graceful curves with proportions that suggest both strength and elegance, supporting her naturally graceful movement"
    },
    {
      "weight": 1.03,
      "term": "Her body shows natural, graceful curves with proportions that suggest both strength and elegance, emphasizing her healthy and vibrant appearance"
    },
    {
      "weight": 1.08,
      "term": "Her body shows natural, graceful curves with a confident bearing that enhances her natural beauty, creating an overall impression of natural confidence"
    },
    {
      "weight": 0.96,
      "term": "Her body shows natural, graceful curves with a confident bearing that enhances her natural beauty, giving her an air of sophisticated allure"
    },
    {
      "weight": 1.01,
      "term": "Her body shows natural, graceful curves with a confident bearing that enhances her natural beauty, contributing to her photogenic and striking presence"
    },
    {
      "weight": 0.93,
      "term": "Her body shows natural, graceful curves with a confident bearing that enhances her natural beauty, enhancing her naturally charismatic appearance"
    },
    {
      "weight": 0.94,
      "term": "Her body shows natural, graceful curves with a confident bearing that enhances her natural beauty, adding to her effortlessly elegant demeanor"
    },
    {
      "weight": 0.96,
      "term": "Her body shows natural, graceful curves with a confident bearing that enhances her natural beauty, complementing her refined and polished look"
    },
    {
      "weight": 0.96,
      "term": "Her body shows natural, graceful curves with a confident bearing that enhances her natural beauty, supporting her naturally graceful movement"
    },
    {
      "weight": 1.09,
      "term": "Her body shows natural, graceful curves with a confident bearing that enhances her natural beauty, emphasizing her healthy and vibrant appearance"
    },
    {
      "weight": 0.98,
      "term": "She maintains a fit and healthy appearance with noticeable curves and a narrow waist, creating an overall impression of natural confidence"
    },
    {
      "weight": 0.96,
      "term": "She maintains a fit and healthy appearance with noticeable curves and a narrow waist, giving her an air of sophisticated allure"
    },
    {
      "weight": 0.98,
      "term": "She maintains a fit and healthy appearance with noticeable curves and a narrow waist, contributing to her photogenic and striking presence"
    },
    {
      "weight": 0.91,
      "term": "She maintains a fit and healthy appearance with noticeable curves and a narrow waist, enhancing her naturally charismatic appearance"
    },
    {
      "weight": 0.97,
      "term": "She maintains a fit and healthy appearance with noticeable curves and a narrow waist, adding to her effortlessly elegant demeanor"
    },
    {
      "weight": 1.09,
      "term": "She maintains a fit and healthy appearance with noticeable curves and a narrow waist, complementing her refined and polished look"
    },
    {
      "weight": 0.97,
      "term": "She maintains a fit and healthy appearance with noticeable curves and a narrow waist, supporting her naturally graceful movement"
    },
    {
      "weight": 0.99,
      "term": "She maintains a fit and healthy appearance with noticeable curves and a narrow waist, emphasizing her healthy and vibrant appearance"
    },
    {
      "weight": 0.98,
      "term": "She maintains a fit and healthy appearance with an hourglass silhouette that's naturally flattering, creating an overall impression of natural confidence"
    },
    {
      "weight": 0.93,
      "term": "She maintains a fit and healthy appearance with an hourglass silhouette that's naturally flattering, giving her an air of sophisticated allure"
    },
    {
      "weight": 1.01,
      "term": "She maintains a fit and healthy appearance with an hourglass silhouette that's naturally flattering, contributing to her photogenic and striking presence"
    },
    {
      "weight": 0.96,
      "term": "She maintains a fit and healthy appearance with an hourglass silhouette that's naturally flattering, enhancing her naturally charismatic appearance"
    },
    {
      "weight": 1.02,
      "term": "She maintains a fit and healthy appearance with an hourglass silhouette that's naturally flattering, adding to her effortlessly elegant demeanor"
    },
    {
      "weight": 1.09,
      "term": "She maintains a fit and healthy appearance with an hourglass silhouette that's naturally flattering, complementing her refined and polished look"
    },
    {
      "weight": 1.09,
      "term": "She maintains a fit and healthy appearance with an hourglass silhouette that's naturally flattering, supporting her naturally graceful movement"
    },
    {
      "weight": 0.9,
      "term": "She maintains a fit and healthy appearance with an hourglass silhouette that's naturally flattering, emphasizing her healthy and vibrant appearance"
    },
    {
      "weight": 1.09,
      "term": "She maintains a fit and healthy appearance with long, graceful limbs and perfect posture, creating an overall impression of natural confidence"
    },
    {
      "weight": 0.9,
      "term": "She maintains a fit and healthy appearance with long, graceful limbs and perfect posture, giving her an air of sophisticated allure"
    },
    {
      "weight": 1.0,
      "term": "She maintains a fit and healthy appearance with long, graceful limbs and perfect posture, contributing to her photogenic and striking presence"
    },
    {
      "weight": 1.09,
      "term": "She maintains a fit and healthy appearance with long, graceful limbs and perfect posture, enhancing her naturally charismatic appearance"
    },
    {
      "weight": 0.98,
      "term": "She maintains a fit and healthy appearance with long, graceful limbs and perfect posture, adding to her effortlessly elegant demeanor"
    },
    {
      "weight": 1.07,
      "term": "She maintains a fit and healthy appearance with long, graceful limbs and perfect posture, complementing her refined and polished look"
    },
    {
      "weight": 0.96,
      "term": "She maintains a fit and healthy appearance with long, graceful limbs and perfect posture, supporting her naturally graceful movement"
    },
    {
      "weight": 1.09,
      "term": "She maintains a fit and healthy appearance with long, graceful limbs and perfect posture, emphasizing her healthy and vibrant appearance"
    },
    {
      "weight": 0.96,
      "term": "She maintains a fit and healthy appearance with subtle muscle definition from an active lifestyle, creating an overall impression of natural confidence"
    },
    {
      "weight": 1.02,
      "term": "She maintains a fit and healthy appearance with subtle muscle definition from an active lifestyle, giving her an air of sophisticated allure"
    },
    {
      "weight": 0.9,
      "term": "She maintains a fit and healthy appearance with subtle muscle definition from an active lifestyle, contributing to her photogenic and striking presence"
    },
    {
      "weight": 1.05,
      "term": "She maintains a fit and healthy appearance with subtle muscle definition from an active lifestyle, enhancing her naturally charismatic appearance"
    },
    {
      "weight": 1.09,
      "term": "She maintains a fit and healthy appearance with subtle muscle definition from an active lifestyle, adding to her effortlessly elegant demeanor"
    },
    {
      "weight": 1.01,
      "term": "She maintains a fit and healthy appearance with subtle muscle definition from an active lifestyle, complementing her refined and polished look"
    },
    {
      "weight": 0.96,
      "term": "She maintains a fit and healthy appearance with subtle muscle definition from an active lifestyle, supporting her naturally graceful movement"
    },
    {
      "weight": 1.05,
      "term": "She maintains a fit and healthy appearance with subtle muscle definition from an active lifestyle, emphasizing her healthy and vibrant appearance"
    },
    {
      "weight": 0.93,
      "term": "She maintains a fit and healthy appearance with a dancer's grace evident in her carriage, creating an overall impression of natural confidence"
    },
    {
      "weight": 1.04,
      "term": "She maintains a fit and healthy appearance with a dancer's grace evident in her carriage, giving her an air of sophisticated allure"
    },
    {
      "weight": 1.09,
      "term": "She maintains a fit and healthy appearance with a dancer's grace evident in her carriage, contributing to her photogenic and striking presence"
    },
    {
      "weight": 1.07,
      "term": "She maintains a fit and healthy appearance with a dancer's grace evident in her carriage, enhancing her naturally charismatic appearance"
    },
    {
      "weight": 1.01,
      "term": "She maintains a fit and healthy appearance with a dancer's grace evident in her carriage, adding to her effortlessly elegant demeanor"
    },
    {
      "weight": 1.05,
      "term": "She maintains a fit and healthy appearance with a dancer's grace evident in her carriage, complementing her refined and polished look"
    },
    {
      "weight": 1.1,
      "term": "She maintains a fit and healthy appearance with a dancer's grace evident in her carriage, supporting her naturally graceful movement"
    },
    {
      "weight": 0.91,
      "term": "She maintains a fit and healthy appearance with a dancer's grace evident in her carriage, emphasizing her healthy and vibrant appearance"
    },
    {
      "weight": 1.01,
      "term": "She maintains a fit and healthy appearance with natural femininity enhanced by good fitness, creating an overall impression of natural confidence"
    },
    {
      "weight": 1.05,
      "term": "She maintains a fit and healthy appearance with natural femininity enhanced by good fitness, giving her an air of sophisticated allure"
    },
    {
      "weight": 0.96,
      "term": "She maintains a fit and healthy appearance with natural femininity enhanced by good fitness, contributing to her photogenic and striking presence"
    },
    {
      "weight": 1.02,
      "term": "She maintains a fit and healthy appearance with natural femininity enhanced by good fitness, enhancing her naturally charismatic appearance"
    },
    {
      "weight": 0.9,
      "term": "She maintains a fit and healthy appearance with natural femininity enhanced by good fitness, adding to her effortlessly elegant demeanor"
    },
    {
      "weight": 0.98,
      "term": "She maintains a fit and healthy appearance with natural femininity enhanced by good fitness, complementing her refined and polished look"
    },
    {
      "weight": 0.94,
      "term": "She maintains a fit and healthy appearance with natural femininity enhanced by good fitness, supporting her naturally graceful movement"
    },
    {
      "weight": 1.03,
      "term": "She maintains a fit and healthy appearance with natural femininity enhanced by good fitness, emphasizing her healthy and vibrant appearance"
    },
    {
      "weight": 1.0,
      "term": "She maintains a fit and healthy appearance with proportions that suggest both strength and elegance, creating an overall impression of natural confidence"
    },
    {
      "weight": 1.08,
      "term": "She maintains a fit and healthy appearance with proportions that suggest both strength and elegance, giving her an air of sophisticated allure"
    },
    {
      "weight": 0.93,
      "term": "She maintains a fit and healthy appearance with proportions that suggest both strength and elegance, contributing to her photogenic and striking presence"
    },
    {
      "weight": 1.08,
      "term": "She maintains a fit and healthy appearance with proportions that suggest both strength and elegance, enhancing her naturally charismatic appearance"
    },
    {
      "weight": 0.96,
      "term": "She maintains a fit and healthy appearance with proportions that suggest both strength and elegance, adding to her effortlessly elegant demeanor"
    },
    {
      "weight": 1.04,
      "term": "She maintains a fit and healthy appearance with proportions that suggest both strength and elegance, complementing her refined and polished look"
    },
    {
      "weight": 1.08,
      "term": "She maintains a fit and healthy appearance with proportions that suggest both strength and elegance, supporting her naturally graceful movement"
    },
    {
      "weight": 0.93,
      "term": "She maintains a fit and healthy appearance with proportions that suggest both strength and elegance, emphasizing her healthy and vibrant appearance"
    },
    {
      "weight": 0.97,
      "term": "She maintains a fit and healthy appearance with a confident bearing that enhances her natural beauty, creating an overall impression of natural confidence"
    },
    {
      "weight": 1.07,
      "term": "She maintains a fit and healthy appearance with a confident bearing that enhances her natural beauty, giving her an air of sophisticated allure"
    },
    {
      "weight": 0.94,
      "term": "She maintains a fit and healthy appearance with a confident bearing that enhances her natural beauty, contributing to her photogenic and striking presence"
    },
    {
      "weight": 1.1,
      "term": "She maintains a fit and healthy appearance with a confident bearing that enhances her natural beauty, enhancing her naturally charismatic appearance"
    },
    {
      "weight": 1.06,
      "term": "She maintains a fit and healthy appearance with a confident bearing that enhances her natural beauty, adding to her effortlessly elegant demeanor"
    },
    {
      "weight": 1.07,
      "term": "She maintains a fit and healthy appearance with a confident bearing that enhances her natural beauty, complementing her refined and polished look"
    },
    {
      "weight": 0.94,
      "term": "She maintains a fit and healthy appearance with a confident bearing that enhances her natural beauty, supporting her naturally graceful movement"
    },
    {
      "weight": 0.93,
      "term": "She maintains a fit and healthy appearance with a confident bearing that enhances her natural beauty, emphasizing her healthy and vibrant appearance"
    },
    {
      "weight": 1.05,
      "term": "Her silhouette reveals a balanced, feminine form with noticeable curves and a narrow waist, creating an overall impression of natural confidence"
    },
    {
      "weight": 1.09,
      "term": "Her silhouette reveals a balanced, feminine form with noticeable curves and a narrow waist, giving her an air of sophisticated allure"
    },
    {
      "weight": 1.07,
      "term": "Her silhouette reveals a balanced, feminine form with noticeable curves and a narrow waist, contributing to her photogenic and striking presence"
    },
    {
      "weight": 0.94,
      "term": "Her silhouette reveals a balanced, feminine form with noticeable curves and a narrow waist, enhancing her naturally charismatic appearance"
    },
    {
      "weight": 0.9,
      "term": "Her silhouette reveals a balanced, feminine form with noticeable curves and a narrow waist, adding to her effortlessly elegant demeanor"
    },
    {
      "weight": 1.06,
      "term": "Her silhouette reveals a balanced, feminine form with noticeable curves and a narrow waist, complementing her refined and polished look"
    },
    {
      "weight": 1.02,
      "term": "Her silhouette reveals a balanced, feminine form with noticeable curves and a narrow waist, supporting her naturally graceful movement"
    },
    {
      "weight": 1.01,
      "term": "Her silhouette reveals a balanced, feminine form with noticeable curves and a narrow waist, emphasizing her healthy and vibrant appearance"
    },
    {
      "weight": 0.96,
      "term": "Her silhouette reveals a balanced, feminine form with an hourglass silhouette that's naturally flattering, creating an overall impression of natural confidence"
    },
    {
      "weight": 1.04,
      "term": "Her silhouette reveals a balanced, feminine form with an hourglass silhouette that's naturally flattering, giving her an air of sophisticated allure"
    },
    {
      "weight": 0.95,
      "term": "Her silhouette reveals a balanced, feminine form with an hourglass silhouette that's naturally flattering, contributing to her photogenic and striking presence"
    },
    {
      "weight": 0.96,
      "term": "Her silhouette reveals a balanced, feminine form with an hourglass silhouette that's naturally flattering, enhancing her naturally charismatic appearance"
    },
    {
      "weight": 1.03,
      "term": "Her silhouette reveals a balanced, feminine form with an hourglass silhouette that's naturally flattering, adding to her effortlessly elegant demeanor"
    },
    {
      "weight": 0.96,
      "term": "Her silhouette reveals a balanced, feminine form with an hourglass silhouette that's naturally flattering, complementing her refined and polished look"
    },
    {
      "weight": 0.96,
      "term": "Her silhouette reveals a balanced, feminine form with an hourglass silhouette that's naturally flattering, supporting her naturally graceful movement"
    },
    {
      "weight": 0.9,
      "term": "Her silhouette reveals a balanced, feminine form with an hourglass silhouette that's naturally flattering, emphasizing her healthy and vibrant appearance"
    },
    {
      "weight": 1.02,
      "term": "Her silhouette reveals a balanced, feminine form with long, graceful limbs and perfect posture, creating an overall impression of natural confidence"
    },
    {
      "weight": 0.91,
      "term": "Her silhouette reveals a balanced, feminine form with long, graceful limbs and perfect posture, giving her an air of sophisticated allure"
    },
    {
      "weight": 1.0,
      "term": "Her silhouette reveals a balanced, feminine form with long, graceful limbs and perfect posture, contributing to her photogenic and striking presence"
    },
    {
      "weight": 0.95,
      "term": "Her silhouette reveals a balanced, feminine form with long, graceful limbs and perfect posture, enhancing her naturally charismatic appearance"
    },
    {
      "weight": 1.02,
      "term": "Her silhouette reveals a balanced, feminine form with long, graceful limbs and perfect posture, adding to her effortlessly elegant demeanor"
    },
    {
      "weight": 0.97,
      "term": "Her silhouette reveals a balanced, feminine form with long, graceful limbs and perfect posture, complementing her refined and polished look"
    },
    {
      "weight": 0.91,
      "term": "Her silhouette reveals a balanced, feminine form with long, graceful limbs and perfect posture, supporting her naturally graceful movement"
    },
    {
      "weight": 1.02,
      "term": "Her silhouette reveals a balanced, feminine form with long, graceful limbs and perfect posture, emphasizing her healthy and vibrant appearance"
    },
    {
      "weight": 0.99,
      "term": "Her silhouette reveals a balanced, feminine form with subtle muscle definition from an active lifestyle, creating an overall impression of natural confidence"
    },
    {
      "weight": 1.02,
      "term": "Her silhouette reveals a balanced, feminine form with subtle muscle definition from an active lifestyle, giving her an air of sophisticated allure"
    },
    {
      "weight": 0.97,
      "term": "Her silhouette reveals a balanced, feminine form with subtle muscle definition from an active lifestyle, contributing to her photogenic and striking presence"
    },
    {
      "weight": 0.95,
      "term": "Her silhouette reveals a balanced, feminine form with subtle muscle definition from an active lifestyle, enhancing her naturally charismatic appearance"
    },
    {
      "weight": 1.06,
      "term": "Her silhouette reveals a balanced, feminine form with subtle muscle definition from an active lifestyle, adding to her effortlessly elegant demeanor"
    },
    {
      "weight": 0.97,
      "term": "Her silhouette reveals a balanced, feminine form with subtle muscle definition from an active lifestyle, complementing her refined and polished look"
    },
    {
      "weight": 0.94,
      "term": "Her silhouette reveals a balanced, feminine form with subtle muscle definition from an active lifestyle, supporting her naturally graceful movement"
    },
    {
      "weight": 0.97,
      "term": "Her silhouette reveals a balanced, feminine form with subtle muscle definition from an active lifestyle, emphasizing her healthy and vibrant appearance"
    },
    {
      "weight": 1.05,
      "term": "Her silhouette reveals a balanced, feminine form with a dancer's grace evident in her carriage, creating an overall impression of natural confidence"
    },
    {
      "weight": 1.0,
      "term": "Her silhouette reveals a balanced, feminine form with a dancer's grace evident in her carriage, giving her an air of sophisticated allure"
    },
    {
      "weight": 0.91,
      "term": "Her silhouette reveals a balanced, feminine form with a dancer's grace evident in her carriage, contributing to her photogenic and striking presence"
    },
    {
      "weight": 0.9,
      "term": "Her silhouette reveals a balanced, feminine form with a dancer's grace evident in her carriage, enhancing her naturally charismatic appearance"
    },
    {
      "weight": 1.04,
      "term": "Her silhouette reveals a balanced, feminine form with a dancer's grace evident in her carriage, adding to her effortlessly elegant demeanor"
    },
    {
      "weight": 0.95,
      "term": "Her silhouette reveals a balanced, feminine form with a dancer's grace evident in her carriage, complementing her refined and polished look"
    },
    {
      "weight": 1.08,
      "term": "Her silhouette reveals a balanced, feminine form with a dancer's grace evident in her carriage, supporting her naturally graceful movement"
    },
    {
      "weight": 0.9,
      "term": "Her silhouette reveals a balanced, feminine form with a dancer's grace evident in her carriage, emphasizing her healthy and vibrant appearance"
    },
    {
      "weight": 1.02,
      "term": "Her silhouette reveals a balanced, feminine form with natural femininity enhanced by good fitness, creating an overall impression of natural confidence"
    },
    {
      "weight": 0.91,
      "term": "Her silhouette reveals a balanced, feminine form with natural femininity enhanced by good fitness, giving her an air of sophisticated allure"
    },
    {
      "weight": 0.95,
      "term": "Her silhouette reveals a balanced, feminine form with natural femininity enhanced by good fitness, contributing to her photogenic and striking presence"
    },
    {
      "weight": 0.95,
      "term": "Her silhouette reveals a balanced, feminine form with natural femininity enhanced by good fitness, enhancing her naturally charismatic appearance"
    },
    {
      "weight": 0.9,
      "term": "Her silhouette reveals a balanced, feminine form with natural femininity enhanced by good fitness, adding to her effortlessly elegant demeanor"
    },
    {
      "weight": 0.93,
      "term": "Her silhouette reveals a balanced, feminine form with natural femininity enhanced by good fitness, complementing her refined and polished look"
    },
    {
      "weight": 0.97,
      "term": "Her silhouette reveals a balanced, feminine form with natural femininity enhanced by good fitness, supporting her naturally graceful movement"
    },
    {
      "weight": 1.0,
      "term": "Her silhouette reveals a balanced, feminine form with natural femininity enhanced by good fitness, emphasizing her healthy and vibrant appearance"
    },
    {
      "weight": 1.08,
      "term": "Her silhouette reveals a balanced, feminine form with proportions that suggest both strength and elegance, creating an overall impression of natural confidence"
    },
    {
      "weight": 0.99,
      "term": "Her silhouette reveals a balanced, feminine form with proportions that suggest both strength and elegance, giving her an air of sophisticated allure"
    },
    {
      "weight": 1.08,
      "term": "Her silhouette reveals a balanced, feminine form with proportions that suggest both strength and elegance, contributing to her photogenic and striking presence"
    },
    {
      "weight": 0.97,
      "term": "Her silhouette reveals a balanced, feminine form with proportions that suggest both strength and elegance, enhancing her naturally charismatic appearance"
    },
    {
      "weight": 1.01,
      "term": "Her silhouette reveals a balanced, feminine form with proportions that suggest both strength and elegance, adding to her effortlessly elegant demeanor"
    },
    {
      "weight": 0.97,
      "term": "Her silhouette reveals a balanced, feminine form with proportions that suggest both strength and elegance, complementing her refined and polished look"
    },
    {
      "weight": 1.02,
      "term": "Her silhouette reveals a balanced, feminine form with proportions that suggest both strength and elegance, supporting her naturally graceful movement"
    },
    {
      "weight": 1.0,
      "term": "Her silhouette reveals a balanced, feminine form with proportions that suggest both strength and elegance, emphasizing her healthy and vibrant appearance"
    },
    {
      "weight": 0.95,
      "term": "Her silhouette reveals a balanced, feminine form with a confident bearing that enhances her natural beauty, creating an overall impression of natural confidence"
    },
    {
      "weight": 0.96,
      "term": "Her silhouette reveals a balanced, feminine form with a confident bearing that enhances her natural beauty, giving her an air of sophisticated allure"
    },
    {
      "weight": 0.91,
      "term": "Her silhouette reveals a balanced, feminine form with a confident bearing that enhances her natural beauty, contributing to her photogenic and striking presence"
    },
    {
      "weight": 0.96,
      "term": "Her silhouette reveals a balanced, feminine form with a confident bearing that enhances her natural beauty, enhancing her naturally charismatic appearance"
    },
    {
      "weight": 1.01,
      "term": "Her silhouette reveals a balanced, feminine form with a confident bearing that enhances her natural beauty, adding to her effortlessly elegant demeanor"
    },
    {
      "weight": 0.93,
      "term": "Her silhouette reveals a balanced, feminine form with a confident bearing that enhances her natural beauty, complementing her refined and polished look"
    },
    {
      "weight": 0.92,
      "term": "Her silhouette reveals a balanced, feminine form with a confident bearing that enhances her natural beauty, supporting her naturally graceful movement"
    },
    {
      "weight": 0.97,
      "term": "Her silhouette reveals a balanced, feminine form with a confident bearing that enhances her natural beauty, emphasizing her healthy and vibrant appearance"
    },
    {
      "weight": 1.03,
      "term": "She has a statuesque and well-proportioned figure with noticeable curves and a narrow waist, creating an overall impression of natural confidence"
    },
    {
      "weight": 1.04,
      "term": "She has a statuesque and well-proportioned figure with noticeable curves and a narrow waist, giving her an air of sophisticated allure"
    },
    {
      "weight": 1.03,
      "term": "She has a statuesque and well-proportioned figure with noticeable curves and a narrow waist, contributing to her photogenic and striking presence"
    },
    {
      "weight": 1.02,
      "term": "She has a statuesque and well-proportioned figure with noticeable curves and a narrow waist, enhancing her naturally charismatic appearance"
    },
    {
      "weight": 1.09,
      "term": "She has a statuesque and well-proportioned figure with noticeable curves and a narrow waist, adding to her effortlessly elegant demeanor"
    },
    {
      "weight": 1.02,
      "term": "She has a statuesque and well-proportioned figure with noticeable curves and a narrow waist, complementing her refined and polished look"
    },
    {
      "weight": 1.06,
      "term": "She has a statuesque and well-proportioned figure with noticeable curves and a narrow waist, supporting her naturally graceful movement"
    },
    {
      "weight": 1.05,
      "term": "She has a statuesque and well-proportioned figure with noticeable curves and a narrow waist, emphasizing her healthy and vibrant appearance"
    },
    {
      "weight": 0.94,
      "term": "She has a statuesque and well-proportioned figure with an hourglass silhouette that's naturally flattering, creating an overall impression of natural confidence"
    },
    {
      "weight": 1.05,
      "term": "She has a statuesque and well-proportioned figure with an hourglass silhouette that's naturally flattering, giving her an air of sophisticated allure"
    },
    {
      "weight": 1.0,
      "term": "She has a statuesque and well-proportioned figure with an hourglass silhouette that's naturally flattering, contributing to her photogenic and striking presence"
    },
    {
      "weight": 1.03,
      "term": "She has a statuesque and well-proportioned figure with an hourglass silhouette that's naturally flattering, enhancing her naturally charismatic appearance"
    },
    {
      "weight": 1.04,
      "term": "She has a statuesque and well-proportioned figure with an hourglass silhouette that's naturally flattering, adding to her effortlessly elegant demeanor"
    },
    {
      "weight": 0.99,
      "term": "She has a statuesque and well-proportioned figure with an hourglass silhouette that's naturally flattering, complementing her refined and polished look"
    },
    {
      "weight": 0.92,
      "term": "She has a statuesque and well-proportioned figure with an hourglass silhouette that's naturally flattering, supporting her naturally graceful movement"
    },
    {
      "weight": 0.98,
      "term": "She has a statuesque and well-proportioned figure with an hourglass silhouette that's naturally flattering, emphasizing her healthy and vibrant appearance"
    },
    {
      "weight": 1.03,
      "term": "She has a statuesque and well-proportioned figure with long, graceful limbs and perfect posture, creating an overall impression of natural confidence"
    },
    {
      "weight": 0.96,
      "term": "She has a statuesque and well-proportioned figure with long, graceful limbs and perfect posture, giving her an air of sophisticated allure"
    },
    {
      "weight": 1.03,
      "term": "She has a statuesque and well-proportioned figure with long, graceful limbs and perfect posture, contributing to her photogenic and striking presence"
    },
    {
      "weight": 1.03,
      "term": "She has a statuesque and well-proportioned figure with long, graceful limbs and perfect posture, enhancing her naturally charismatic appearance"
    },
    {
      "weight": 1.08,
      "term": "She has a statuesque and well-proportioned figure with long, graceful limbs and perfect posture, adding to her effortlessly elegant demeanor"
    },
    {
      "weight": 0.9,
      "term": "She has a statuesque and well-proportioned figure with long, graceful limbs and perfect posture, complementing her refined and polished look"
    },
    {
      "weight": 1.03,
      "term": "She has a statuesque and well-proportioned figure with long, graceful limbs and perfect posture, supporting her naturally graceful movement"
    },
    {
      "weight": 1.0,
      "term": "She has a statuesque and well-proportioned figure with long, graceful limbs and perfect posture, emphasizing her healthy and vibrant appearance"
    },
    {
      "weight": 0.98,
      "term": "She has a statuesque and well-proportioned figure with subtle muscle definition from an active lifestyle, creating an overall impression of natural confidence"
    },
    {
      "weight": 0.99,
      "term": "She has a statuesque and well-proportioned figure with subtle muscle definition from an active lifestyle, giving her an air of sophisticated allure"
    },
    {
      "weight": 0.97,
      "term": "She has a statuesque and well-proportioned figure with subtle muscle definition from an active lifestyle, contributing to her photogenic and striking presence"
    },
    {
      "weight": 1.08,
      "term": "She has a statuesque and well-proportioned figure with subtle muscle definition from an active lifestyle, enhancing her naturally charismatic appearance"
    },
    {
      "weight": 0.96,
      "term": "She has a statuesque and well-proportioned figure with subtle muscle definition from an active lifestyle, adding to her effortlessly elegant demeanor"
    },
    {
      "weight": 1.03,
      "term": "She has a statuesque and well-proportioned figure with subtle muscle definition from an active lifestyle, complementing her refined and polished look"
    },
    {
      "weight": 1.1,
      "term": "She has a statuesque and well-proportioned figure with subtle muscle definition from an active lifestyle, supporting her naturally graceful movement"
    },
    {
      "weight": 1.0,
      "term": "She has a statuesque and well-proportioned figure with subtle muscle definition from an active lifestyle, emphasizing her healthy and vibrant appearance"
    },
    {
      "weight": 1.02,
      "term": "She has a statuesque and well-proportioned figure with a dancer's grace evident in her carriage, creating an overall impression of natural confidence"
    },
    {
      "weight": 1.02,
      "term": "She has a statuesque and well-proportioned figure with a dancer's grace evident in her carriage, giving her an air of sophisticated allure"
    },
    {
      "weight": 0.98,
      "term": "She has a statuesque and well-proportioned figure with a dancer's grace evident in her carriage, contributing to her photogenic and striking presence"
    },
    {
      "weight": 1.05,
      "term": "She has a statuesque and well-proportioned figure with a dancer's grace evident in her carriage, enhancing her naturally charismatic appearance"
    },
    {
      "weight": 0.95,
      "term": "She has a statuesque and well-proportioned figure with a dancer's grace evident in her carriage, adding to her effortlessly elegant demeanor"
    },
    {
      "weight": 1.07,
      "term": "She has a statuesque and well-proportioned figure with a dancer's grace evident in her carriage, complementing her refined and polished look"
    },
    {
      "weight": 0.95,
      "term": "She has a statuesque and well-proportioned figure with a dancer's grace evident in her carriage, supporting her naturally graceful movement"
    },
    {
      "weight": 0.98,
      "term": "She has a statuesque and well-proportioned figure with a dancer's grace evident in her carriage, emphasizing her healthy and vibrant appearance"
    },
    {
      "weight": 0.92,
      "term": "She has a statuesque and well-proportioned figure with natural femininity enhanced by good fitness, creating an overall impression of natural confidence"
    },
    {
      "weight": 1.02,
      "term": "She has a statuesque and well-proportioned figure with natural femininity enhanced by good fitness, giving her an air of sophisticated allure"
    },
    {
      "weight": 0.97,
      "term": "She has a statuesque and well-proportioned figure with natural femininity enhanced by good fitness, contributing to her photogenic and striking presence"
    },
    {
      "weight": 0.97,
      "term": "She has a statuesque and well-proportioned figure with natural femininity enhanced by good fitness, enhancing her naturally charismatic appearance"
    },
    {
      "weight": 0.94,
      "term": "She has a statuesque and well-proportioned figure with natural femininity enhanced by good fitness, adding to her effortlessly elegant demeanor"
    },
    {
      "weight": 1.0,
      "term": "She has a statuesque and well-proportioned figure with natural femininity enhanced by good fitness, complementing her refined and polished look"
    },
    {
      "weight": 0.96,
      "term": "She has a statuesque and well-proportioned figure with natural femininity enhanced by good fitness, supporting her naturally graceful movement"
    },
    {
      "weight": 1.08,
      "term": "She has a statuesque and well-proportioned figure with natural femininity enhanced by good fitness, emphasizing her healthy and vibrant appearance"
    },
    {
      "weight": 0.91,
      "term": "She has a statuesque and well-proportioned figure with proportions that suggest both strength and elegance, creating an overall impression of natural confidence"
    },
    {
      "weight": 0.98,
      "term": "She has a statuesque and well-proportioned figure with proportions that suggest both strength and elegance, giving her an air of sophisticated allure"
    },
    {
      "weight": 0.93,
      "term": "She has a statuesque and well-proportioned figure with proportions that suggest both strength and elegance, contributing to her photogenic and striking presence"
    },
    {
      "weight": 0.95,
      "term": "She has a statuesque and well-proportioned figure with proportions that suggest both strength and elegance, enhancing her naturally charismatic appearance"
    },
    {
      "weight": 0.98,
      "term": "She has a statuesque and well-proportioned figure with proportions that suggest both strength and elegance, adding to her effortlessly elegant demeanor"
    },
    {
      "weight": 0.93,
      "term": "She has a statuesque and well-proportioned figure with proportions that suggest both strength and elegance, complementing her refined and polished look"
    },
    {
      "weight": 1.02,
      "term": "She has a statuesque and well-proportioned figure with proportions that suggest both strength and elegance, supporting her naturally graceful movement"
    },
    {
      "weight": 0.92,
      "term": "She has a statuesque and well-proportioned figure with proportions that suggest both strength and elegance, emphasizing her healthy and vibrant appearance"
    },
    {
      "weight": 0.99,
      "term": "She has a statuesque and well-proportioned figure with a confident bearing that enhances her natural beauty, creating an overall impression of natural confidence"
    },
    {
      "weight": 1.03,
      "term": "She has a statuesque and well-proportioned figure with a confident bearing that enhances her natural beauty, giving her an air of sophisticated allure"
    },
    {
      "weight": 1.0,
      "term": "She has a statuesque and well-proportioned figure with a confident bearing that enhances her natural beauty, contributing to her photogenic and striking presence"
    },
    {
      "weight": 0.91,
      "term": "She has a statuesque and well-proportioned figure with a confident bearing that enhances her natural beauty, enhancing her naturally charismatic appearance"
    },
    {
      "weight": 0.93,
      "term": "She has a statuesque and well-proportioned figure with a confident bearing that enhances her natural beauty, adding to her effortlessly elegant demeanor"
    },
    {
      "weight": 0.98,
      "term": "She has a statuesque and well-proportioned figure with a confident bearing that enhances her natural beauty, complementing her refined and polished look"
    },
    {
      "weight": 0.94,
      "term": "She has a statuesque and well-proportioned figure with a confident bearing that enhances her natural beauty, supporting her naturally graceful movement"
    },
    {
      "weight": 0.91,
      "term": "She has a statuesque and well-proportioned figure with a confident bearing that enhances her natural beauty, emphasizing her healthy and vibrant appearance"
    },
    {
      "weight": 1.01,
      "term": "Her frame displays natural elegance and poise with noticeable curves and a narrow waist, creating an overall impression of natural confidence"
    },
    {
      "weight": 1.05,
      "term": "Her frame displays natural elegance and poise with noticeable curves and a narrow waist, giving her an air of sophisticated allure"
    },
    {
      "weight": 1.02,
      "term": "Her frame displays natural elegance and poise with noticeable curves and a narrow waist, contributing to her photogenic and striking presence"
    },
    {
      "weight": 1.07,
      "term": "Her frame displays natural elegance and poise with noticeable curves and a narrow waist, enhancing her naturally charismatic appearance"
    },
    {
      "weight": 0.98,
      "term": "Her frame displays natural elegance and poise with noticeable curves and a narrow waist, adding to her effortlessly elegant demeanor"
    },
    {
      "weight": 0.9,
      "term": "Her frame displays natural elegance and poise with noticeable curves and a narrow waist, complementing her refined and polished look"
    },
    {
      "weight": 0.99,
      "term": "Her frame displays natural elegance and poise with noticeable curves and a narrow waist, supporting her naturally graceful movement"
    },
    {
      "weight": 0.92,
      "term": "Her frame displays natural elegance and poise with noticeable curves and a narrow waist, emphasizing her healthy and vibrant appearance"
    },
    {
      "weight": 0.92,
      "term": "Her frame displays natural elegance and poise with an hourglass silhouette that's naturally flattering, creating an overall impression of natural confidence"
    },
    {
      "weight": 1.02,
      "term": "Her frame displays natural elegance and poise with an hourglass silhouette that's naturally flattering, giving her an air of sophisticated allure"
    },
    {
      "weight": 1.0,
      "term": "Her frame displays natural elegance and poise with an hourglass silhouette that's naturally flattering, contributing to her photogenic and striking presence"
    },
    {
      "weight": 0.98,
      "term": "Her frame displays natural elegance and poise with an hourglass silhouette that's naturally flattering, enhancing her naturally charismatic appearance"
    },
    {
      "weight": 1.06,
      "term": "Her frame displays natural elegance and poise with an hourglass silhouette that's naturally flattering, adding to her effortlessly elegant demeanor"
    },
    {
      "weight": 1.05,
      "term": "Her frame displays natural elegance and poise with an hourglass silhouette that's naturally flattering, complementing her refined and polished look"
    },
    {
      "weight": 1.09,
      "term": "Her frame displays natural elegance and poise with an hourglass silhouette that's naturally flattering, supporting her naturally graceful movement"
    },
    {
      "weight": 1.0,
      "term": "Her frame displays natural elegance and poise with an hourglass silhouette that's naturally flattering, emphasizing her healthy and vibrant appearance"
    },
    {
      "weight": 1.0,
      "term": "Her frame displays natural elegance and poise with long, graceful limbs and perfect posture, creating an overall impression of natural confidence"
    },
    {
      "weight": 0.97,
      "term": "Her frame displays natural elegance and poise with long, graceful limbs and perfect posture, giving her an air of sophisticated allure"
    },
    {
      "weight": 1.05,
      "term": "Her frame displays natural elegance and poise with long, graceful limbs and perfect posture, contributing to her photogenic and striking presence"
    },
    {
      "weight": 0.98,
      "term": "Her frame displays natural elegance and poise with long, graceful limbs and perfect posture, enhancing her naturally charismatic appearance"
    },
    {
      "weight": 0.92,
      "term": "Her frame displays natural elegance and poise with long, graceful limbs and perfect posture, adding to her effortlessly elegant demeanor"
    },
    {
      "weight": 0.95,
      "term": "Her frame displays natural elegance and poise with long, graceful limbs and perfect posture, complementing her refined and polished look"
    },
    {
      "weight": 0.96,
      "term": "Her frame displays natural elegance and poise with long, graceful limbs and perfect posture, supporting her naturally graceful movement"
    },
    {
      "weight": 1.07,
      "term": "Her frame displays natural elegance and poise with long, graceful limbs and perfect posture, emphasizing her healthy and vibrant appearance"
    },
    {
      "weight": 0.92,
      "term": "Her frame displays natural elegance and poise with subtle muscle definition from an active lifestyle, creating an overall impression of natural confidence"
    },
    {
      "weight": 1.09,
      "term": "Her frame displays natural elegance and poise with subtle muscle definition from an active lifestyle, giving her an air of sophisticated allure"
    },
    {
      "weight": 0.91,
      "term": "Her frame displays natural elegance and poise with subtle muscle definition from an active lifestyle, contributing to her photogenic and striking presence"
    },
    {
      "weight": 0.96,
      "term": "Her frame displays natural elegance and poise with subtle muscle definition from an active lifestyle, enhancing her naturally charismatic appearance"
    },
    {
      "weight": 1.09,
      "term": "Her frame displays natural elegance and poise with subtle muscle definition from an active lifestyle, adding to her effortlessly elegant demeanor"
    },
    {
      "weight": 1.06,
      "term": "Her frame displays natural elegance and poise with subtle muscle definition from an active lifestyle, complementing her refined and polished look"
    },
    {
      "weight": 0.96,
      "term": "Her frame displays natural elegance and poise with subtle muscle definition from an active lifestyle, supporting her naturally graceful movement"
    },
    {
      "weight": 1.04,
      "term": "Her frame displays natural elegance and poise with subtle muscle definition from an active lifestyle, emphasizing her healthy and vibrant appearance"
    },
    {
      "weight": 1.01,
      "term": "Her frame displays natural elegance and poise with a dancer's grace evident in her carriage, creating an overall impression of natural confidence"
    },
    {
      "weight": 1.05,
      "term": "Her frame displays natural elegance and poise with a dancer's grace evident in her carriage, giving her an air of sophisticated allure"
    },
    {
      "weight": 0.96,
      "term": "Her frame displays natural elegance and poise with a dancer's grace evident in her carriage, contributing to her photogenic and striking presence"
    },
    {
      "weight": 0.91,
      "term": "Her frame displays natural elegance and poise with a dancer's grace evident in her carriage, enhancing her naturally charismatic appearance"
    },
    {
      "weight": 1.09,
      "term": "Her frame displays natural elegance and poise with a dancer's grace evident in her carriage, adding to her effortlessly elegant demeanor"
    },
    {
      "weight": 1.0,
      "term": "Her frame displays natural elegance and poise with a dancer's grace evident in her carriage, complementing her refined and polished look"
    },
    {
      "weight": 1.09,
      "term": "Her frame displays natural elegance and poise with a dancer's grace evident in her carriage, supporting her naturally graceful movement"
    },
    {
      "weight": 0.96,
      "term": "Her frame displays natural elegance and poise with a dancer's grace evident in her carriage, emphasizing her healthy and vibrant appearance"
    },
    {
      "weight": 0.93,
      "term": "Her frame displays natural elegance and poise with natural femininity enhanced by good fitness, creating an overall impression of natural confidence"
    },
    {
      "weight": 1.09,
      "term": "Her frame displays natural elegance and poise with natural femininity enhanced by good fitness, giving her an air of sophisticated allure"
    },
    {
      "weight": 1.01,
      "term": "Her frame displays natural elegance and poise with natural femininity enhanced by good fitness, contributing to her photogenic and striking presence"
    },
    {
      "weight": 0.96,
      "term": "Her frame displays natural elegance and poise with natural femininity enhanced by good fitness, enhancing her naturally charismatic appearance"
    },
    {
      "weight": 1.03,
      "term": "Her frame displays natural elegance and poise with natural femininity enhanced by good fitness, adding to her effortlessly elegant demeanor"
    },
    {
      "weight": 0.92,
      "term": "Her frame displays natural elegance and poise with natural femininity enhanced by good fitness, complementing her refined and polished look"
    },
    {
      "weight": 1.0,
      "term": "Her frame displays natural elegance and poise with natural femininity enhanced by good fitness, supporting her naturally graceful movement"
    },
    {
      "weight": 1.06,
      "term": "Her frame displays natural elegance and poise with natural femininity enhanced by good fitness, emphasizing her healthy and vibrant appearance"
    },
    {
      "weight": 1.04,
      "term": "Her frame displays natural elegance and poise with proportions that suggest both strength and elegance, creating an overall impression of natural confidence"
    },
    {
      "weight": 0.98,
      "term": "Her frame displays natural elegance and poise with proportions that suggest both strength and elegance, giving her an air of sophisticated allure"
    },
    {
      "weight": 0.97,
      "term": "Her frame displays natural elegance and poise with proportions that suggest both strength and elegance, contributing to her photogenic and striking presence"
    },
    {
      "weight": 0.92,
      "term": "Her frame displays natural elegance and poise with proportions that suggest both strength and elegance, enhancing her naturally charismatic appearance"
    },
    {
      "weight": 1.08,
      "term": "Her frame displays natural elegance and poise with proportions that suggest both strength and elegance, adding to her effortlessly elegant demeanor"
    },
    {
      "weight": 1.06,
      "term": "Her frame displays natural elegance and poise with proportions that suggest both strength and elegance, complementing her refined and polished look"
    },
    {
      "weight": 1.03,
      "term": "Her frame displays natural elegance and poise with proportions that suggest both strength and elegance, supporting her naturally graceful movement"
    },
    {
      "weight": 0.99,
      "term": "Her frame displays natural elegance and poise with proportions that suggest both strength and elegance, emphasizing her healthy and vibrant appearance"
    },
    {
      "weight": 1.09,
      "term": "Her frame displays natural elegance and poise with a confident bearing that enhances her natural beauty, creating an overall impression of natural confidence"
    },
    {
      "weight": 1.0,
      "term": "Her frame displays natural elegance and poise with a confident bearing that enhances her natural beauty, giving her an air of sophisticated allure"
    },
    {
      "weight": 1.06,
      "term": "Her frame displays natural elegance and poise with a confident bearing that enhances her natural beauty, contributing to her photogenic and striking presence"
    },
    {
      "weight": 1.04,
      "term": "Her frame displays natural elegance and poise with a confident bearing that enhances her natural beauty, enhancing her naturally charismatic appearance"
    },
    {
      "weight": 0.93,
      "term": "Her frame displays natural elegance and poise with a confident bearing that enhances her natural beauty, adding to her effortlessly elegant demeanor"
    },
    {
      "weight": 0.92,
      "term": "Her frame displays natural elegance and poise with a confident bearing that enhances her natural beauty, complementing her refined and polished look"
    },
    {
      "weight": 0.9,
      "term": "Her frame displays natural elegance and poise with a confident bearing that enhances her natural beauty, supporting her naturally graceful movement"
    },
    {
      "weight": 0.98,
      "term": "Her frame displays natural elegance and poise with a confident bearing that enhances her natural beauty, emphasizing her healthy and vibrant appearance"
    }
  ]
}